1.1820923290630572,-1.0663785756221338,-0.79477761416075443,1.1875626452547643,0.60011338443437667,-0.7556408134106859,1.2987358809943894,0.54867103316277654,-0.11732477708006869,-0.35660506361592287,-0.71585392148845706,0.26700768037842021,0.39959347696693198,-1.1935262929711403,0.015156479929402916,-0.085321748765616962,-0.2297743766616972,-1.5734653363680444,1.2867544533321893,-0.43080966916569724,-0.7247560758462358,0.96553105813802476,-1.3487075766755234,-0.71951769534345156,0.41014665062898525,-1.6021325948973262,-1.0027371704983365,-0.96078332802511102,0.88794759257619316,0.25750788068402158,0.49824429741689447,0.18454581760107025,1.7941078583190171,0.061929450890937453,-0.40802862359111597,0.64640631796970771,-0.91162618562421527,0.8886367195801842,-2.0866060003576785,1.1229787440996608
-0.011777234321876039,0.99354304844166619,0.081650030195603518,-0.013558588040268573,0.077619222867724533,-1.8384935273376983,-0.5336811067210111,-0.029564254927987539,-2.0180348192947117,-0.03820375343009802,0.68205504849084275,1.1657959813346401,0.6659978643892871,-0.1991420637231256,-0.82391573157264808,0.8903492212820292,-0.021649473533549644,0.84397679254217539,1.0935183404734261,-2.1015071458219308,0.80474160750917123,-0.40359561826054058,-0.80973098252343922,1.1181477203479928,0.59227178002913572,0.44729787594569709,0.22616949055979338,-0.28144298147186836,0.74818395193824938,-0.41554098679068224,0.42334473734957251,0.12805457463143791,-0.99762812755850094,1.5249933525191346,0.096991594477738682,0.43982326434974228,1.4054464896938748,0.42443474076048682,-0.072262304599684843,0.27391050785843801
0.630091970327469,0.81141061173487861,0.77865823871532469,0.078210904882916432,-1.4535519158607735,-2.4116072023235362,1.9593142073532768,0.77280662626576913,0.82171338942166949,2.5842299640300275,-0.50121517635929957,0.046512834496891774,-0.4969573363625196,-0.4486229964113172,0.27488655899290287,0.069621406268767769,-0.16947966668082168,-0.28217950176894424,0.2176881259167105,1.0317452122911863,-2.0072085434391433,-2.0696381610006158,0.58399151981638708,1.0504125412469267,-1.0986867013696946,2.1177263467149965,0.55786317877411129,1.0286023495580683,-0.67155671541059103,-0.30736506305500505,1.2530541594488787,-0.65859435047133175,-0.90982607141264094,0.7898247733844711,0.3190526412023918,0.21041162259179944,0.22170847976622421,1.0826770331274318,0.52548044735043298,0.21897817953599924
-0.76233855463668387,-1.0037717603287226,0.15056488679470312,-0.015741463238882467,-0.18486721332184636,1.809670416566957,-3.1704723091714526,1.0171704902506031,-0.37304409823077606,0.13744934622691482,-1.0119506952290152,-0.29372808975799292,0.54454658608510054,-0.48219091125171815,0.59420586913677342,-1.7489753002959492,-1.2093819623629103,-2.4563195936230957,0.92028775720293376,0.46353911066642289,1.9607762688722925,0.095156167235347686,-0.09044447573668149,0.56585063129289537,-1.249739884362574,-0.20792703703973608,1.8223550376552153,-0.81022363106905615,-0.75145557831624299,0.067331243728289358,-2.5206544231847818,-0.79095447387819862,-1.4645977764640867,-0.02092716936964361,-1.4771702909500422,-1.1189824849060546,0.11607345415822549,-0.8066676849788138,-0.096755669979070258,-1.2239104995490881
-0.15258765084580816,-1.5751181808746084,-0.50492704304688341,-0.93516628236249333,-0.86064232647619665,-1.4303846424235223,0.82485507415156167,1.1542950688680573,-0.68572871161386684,1.6540838680873236,-0.13648522953016182,1.3750460114001761,-0.61174567159258653,1.2369737008066783,0.49975527395682201,-0.74023657403538801,-1.383952941188753,-0.87100994038300794,0.38386635649968648,0.31439509127441789,1.013197290778526,-0.6943213379055998,0.51699244801256661,0.62138434905546125,1.0349187807858951,-0.52504605221933687,0.30402898912357273,0.24581054944957584,-0.35141149608246497,0.62853102161640062,1.0606969564307891,2.0587536600794616,-0.24772879497924402,-0.2318907384703042,-0.55372874204047484,-1.6711888642942891,-0.55767420796871181,-0.81408300120437538,0.34166558041421918,-0.231301432068789
0.041852437057202548,1.0536913587018477,-0.32853057126932156,-1.3598454862488216,-0.60340744981905348,0.62613952514413818,-0.64406195412606815,-0.47384358930360376,1.2597550106885276,1.1127395243014755,-0.15217350015563319,-0.71569742499307853,-1.0783265902895283,0.60598531742094441,2.1829458235294852,-0.80302525847238881,1.3125282704697958,-0.57721193921276537,-0.79481381986516453,-0.83632981192161748,-2.1981944153348589,-0.24968962487944152,1.318701724748002,-1.9361345067797597,-1.0546255124990518,0.16408463536291468,-1.0172534697198321,0.38751539546221286,1.3970242294890347,-0.18834199084842967,0.53652844002721445,-0.26676829771219351,1.0536513648795454,-1.6141373958842409,0.90628729429392996,-2.6341337477040976,0.92845345792038048,0.55103953245690607,-2.4068507640971797,1.632904620441096
0.83052326401352494,1.435649014192605,0.014281920307697798,-1.2458219439615743,-1.1577874328998363,-1.3334760216270878,-0.91226630684932453,-0.21698879481194316,0.062987976276266927,0.62248657745516178,0.13235668195011624,-0.52033635976287207,-0.47139778849568431,1.1481506294071446,1.058654968849531,-0.1203980248844758,1.4423987628087271,0.72834241699604696,-1.0906129999381531,0.38259022979311752,0.62001901484645794,-0.10979932287847387,1.2660143554757306,0.28759877701202058,-1.3660748401476888,1.0316576942463189,1.5763627269381097,-1.1421378734071375,1.5029972060845032,-0.28591169865630323,-0.68067426070396719,-0.57217251220607424,-1.2968678483935172,1.1490082245971152,-0.48283597645491433,-1.1473859461478497,-1.1789362779685797,-0.19063481714641997,-0.26331284330605148,-0.48174241815337271
-0.77298397903964233,1.7024993449183865,-0.25911552528073467,0.14159940317319189,0.0016519414552507361,-1.4890694758217027,0.67651147355942987,-1.1010972542612245,-0.51729551667992546,-0.99321368490306294,0.58347875547757955,1.1239190491411644,-0.58796840151500029,-0.35671640835075324,-0.46242001147352085,-0.46863800368182151,-1.8356673169395712,-1.6051126030523881,-0.23430735207824949,0.64728252483150917,0.18898459565848355,-0.39121035284739974,0.067046096953066139,0.39775668082396792,-0.30760926388484144,1.7537932590553791,0.12089340615988377,-1.161289576517325,1.0004326082722683,-1.0263176639469747,-1.6736641178868246,-0.37858063484281856,-0.16300677955323142,0.38967074799266982,-0.78417019140438082,0.36290766592178808,2.197889769704767,-0.13888384629399045,-0.5980537469054531,-0.94560393966050682
-0.37086835425020198,0.91550611693075956,-0.70515984469658721,1.5627512456037838,-0.63645199141412123,0.30647511621221507,0.73998604425374082,-0.029979090804146822,1.316976810216256,1.3946063041007799,-0.22596056260184308,0.78275633024792035,-0.43875925830434304,-0.56636626796522394,-0.69021072818863904,-1.5802595387286533,0.97232950527563355,0.63121383582257196,-0.23404875271434425,-1.2912741988419831,-0.33966458590403337,-0.59114467408714855,0.010562554880252161,0.78696193486465349,-0.37973483121019086,-1.0378841795075149,-1.3978423108315317,-1.9903689399032674,1.6491339140622454,0.92752073906837662,-0.58642311192423824,0.68989437632818251,-0.14410058015908908,-1.4019387546812792,-1.4420143383002217,1.1603427556184855,0.87858314638941915,-0.48340775368508815,-1.1088663413468838,-0.3648105271362278
0.13256113638653866,0.083429758876116505,-0.35848964324159149,0.46635950990622865,1.2033402350055462,-1.4709861532865898,-2.6374429109652966,-1.0477349196877497,0.88975472377909115,0.070175654363713508,1.5801548710278825,0.81013809430783523,-0.0056444987421684885,-0.052914534274966736,-1.1092947804172537,1.088938197484848,0.54066052527731612,2.0728467871878529,0.49218697196068922,1.2448102759338813,-1.3039218092925109,0.61141291321904989,-0.1596320920063278,-1.0853849577631451,-0.097767010009610814,-1.3983279049518182,-0.58117827123172372,-0.2341907712695451,0.049806339559905953,-0.92189058030528004,1.9563550727991859,0.46182925935670338,-1.9558482701161817,0.073766787907973766,0.69709557054153748,1.2679951402139902,-2.8991791958751318,0.16712582812835414,0.16374122676674058,1.3517246471197499
-0.50271676921817066,0.58843588779623734,-2.658303502183168,-0.36061708774891005,-0.12586858247828503,0.90989581853392454,0.090262160477033074,0.10956482855621044,-1.4149955281606272,-1.8649507350238694,0.15360274096014892,0.64202178443875291,0.55296091943333581,-1.7131571290402026,-1.2859176084991635,-0.53223941291106325,0.16311913454845312,-1.445131160250084,-0.54531520248002385,-0.45371455619686196,-0.12304073286923341,-0.94265232641572771,-1.7107641598686556,1.4886908260256768,-1.3210241639393991,-1.1408566132602336,0.89459603975981972,-2.1237815065077004,0.49861913856021672,-0.71630197771070869,0.64500953552053686,-1.0503994876848874,-0.26361137451512706,0.35569381735182654,2.5096651257071922,1.5802098030247096,0.93192497653093775,-1.1439713289111488,0.37588347297405561,-0.27978425277875724
0.69961717352347996,1.0954827995713188,-1.8064139653108193,0.95098048873223195,2.0140893393523842,0.98192384335967298,0.7579737902921635,-0.25405618582316686,0.48508202019148777,-0.56117181088655754,-1.6298907689619406,-1.0796737007533834,-0.2602665454926309,-0.57765941135569143,-0.46419364127522139,1.6741868209284059,0.56631696724593195,-1.9469692863143879,-0.79824608148294285,-0.77145142851047732,-0.015390053759612766,1.1290123417823144,0.6090576853846934,-1.4135127732140347,1.5634120241694596,-1.9631228374258849,-2.0165442201605952,-1.329224841949161,-1.5898879808515181,-1.3976568649237278,-0.60864452748546405,-0.31180978112010455,-0.10921540939304733,0.84039289166856601,0.84992852435916766,-0.32189681008149473,-2.9147700745970635,-2.0840367131876478,-1.6494635934968351,-1.3470947764454073
-0.064670276351064995,0.01340521055551577,1.3038944206587888,0.61465074644372586,-1.022900642125143,0.5658264671657216,0.9736198066179419,0.50705883836653043,-0.31853306538541942,-0.69114320756138858,-0.24218857264314569,0.60777820399521276,-1.3233988263634526,-1.7461115059523959,-0.95307469605793393,0.44780926319486059,-1.6246791242371939,-0.46665744716011281,1.0699951246168278,-1.0454730513389845,-0.6364881820900945,0.47282355629713568,-1.4244663178949173,1.0645959213997869,-0.33294283834799315,1.6074744573125666,-0.12475706504839162,-0.27499662687225784,0.23768164360788768,0.20586602319977984,-0.055726983387084456,-0.61705564312590444,0.65941434028308066,0.23747040352620771,0.02994544814976011,-0.67433520668781122,-0.68447045855270561,0.56253561455574264,-1.0534355176823449,-2.1577681159761286
-0.20026118883679678,-0.60892423590037326,1.2033396821072122,1.550691753900906,2.074004363679832,-0.43964671825868495,-0.17786161686722485,0.61220845829447768,-0.81457780488757892,-1.1708831503315653,1.9437970826974984,-1.3928336236166299,1.4163583785188034,-1.1442342894856845,-0.15616104298969588,0.81096023380555415,0.44114557521976105,-2.4569986316923265,-1.9806235783382082,3.0629841988991577,-1.239430648962544,0.36365804379749245,-0.42316062043675667,0.85750739703039869,-1.2923428763017166,-0.052472055689212323,-1.1782506000541408,1.4598604937192521,-0.11576889895615061,-0.31470711404674556,0.16136749351351332,0.26403006289262615,2.6599948324272011,1.1354344395722875,-0.064696564581213964,-0.27628575668427102,0.71524122568189663,0.66674472104908933,-0.99723830745461817,1.921282341614341
0.42988398343259104,0.22180368989369389,0.33160104556938336,0.44551756879066262,-0.14299312032898498,0.68786786865472926,-0.41543213492943609,-0.7633421136051648,-1.0753366481975024,-0.86189949186818027,0.16450406709784748,0.73768430543732177,0.8693972335516027,-0.48491013019511658,-0.057997157529827127,2.6511720114786708,1.1142525261561165,0.8567952337559902,0.70351693358047473,0.44756665304602133,-1.7422251935240323,1.0569374609037556,-0.95966621589470547,-0.26625359082553696,-0.15205056658188115,-0.94460763588003005,0.020686244064786922,0.67005784876189078,1.294259109719077,0.085862381387696182,1.2041844480382971,0.47583099406042356,-0.17592309594181466,-2.0348359260089572,-2.1944259467584355,-0.98039923791310313,-0.59368057571554778,-0.13345633527412507,1.8584057730541741,-0.87166826363721428
-0.8326364986513668,-0.34962267367843591,-1.5559826992313437,1.2415503932362746,1.0554001632090175,0.34295127240632445,-0.91202090143027503,0.37989720080424133,1.2646885104546233,1.051741584563507,-1.2232898168094692,-0.77498173950843474,1.2995369116373063,-0.72987001234102544,-1.4306715324398522,0.22379517152184242,-1.1894099417187332,-1.2446825824904297,-0.39847848377317396,0.63570831095994795,-0.0077228958739098425,-1.9165089382693756,1.4322399495334277,-1.5413237851560835,-2.9035914952317028,-1.2913832755139079,-0.29878499719222962,0.68268337962192704,0.35716054680055737,-0.79240363730953978,0.99216974962436166,0.10996347363490656,1.0085848740392711,0.12981682274068757,-1.1503696696492314,0.58245389263791114,0.080609511036783446,-0.65078652842267171,-0.9518823478677283,-0.31800713250431134
-1.0637197803559326,1.5846700601064916,0.84418734870325995,-0.26686154340059587,0.17105599853768574,0.29414814358751079,0.015390259963985256,-0.16371772523817452,-0.47679120174772577,-1.5748475096062129,-1.3171276763988908,0.9199515502012755,1.2486540908746677,0.31823446972228053,-1.0526300921403822,-0.64215393512772656,-0.74923076126236254,2.1055308927814562,-0.41791816823733724,-1.3233308311991352,-2.0197515923138525,-0.82150846195578886,-0.069894987435187669,1.5595445577022133,0.26954584680032861,-0.23480408019144478,-0.65295606677122087,-0.94437518019301003,-1.7926664744791516,-1.4956383570230412,-0.38442689226597676,-1.0333728114354301,-1.3067045754459974,0.85163117358396101,1.5423526726394909,0.4271214911841521,-0.20112373125798455,1.5661865415833514,-0.99579534843666706,-0.76772825794246768
1.5369567966987621,1.3178158545190795,0.1065418447296092,-0.095559948584630905,-0.16877437869309297,1.5078409990517334,0.18675817870080028,1.0678831840423206,0.14311096416184019,1.0566736852083687,-0.3730810832004558,0.59739665294793276,0.29873109695738859,-0.13349574423045016,-0.16011771065401534,-0.30196475495061476,0.07981121105675841,0.023016938901715786,0.30160689255437639,-1.4648945251825101,-0.38340902042402741,0.3242283052139831,-0.54173833037874097,-0.112587038538941,-0.28368191390818848,-1.2813222449125867,0.77500000016562975,-2.2673531785219803,-0.7756456634439638,-1.1407271722937438,0.35623396028122228,-0.88971527689441143,0.75315479478970637,-0.3163904777401535,-0.0022226529856169616,0.38165530089909921,1.209347940122957,0.81512995357616502,-0.8282792169922697,0.8260225248799149
0.81613110276459089,-0.66043474818378711,0.85895829510213006,1.0474441617554258,-0.63541994969686344,1.856829365408647,0.86254213211248765,1.6109180699695527,-1.0683044115247968,1.3236616988102834,0.40240557366192198,0.95213352225305647,0.8048648975483651,0.52646748135365906,0.18259121831418648,-0.84379221423659423,0.27133321197366045,-0.0055528471749852377,-1.097852650072072,0.49961863539494689,-1.317954673567747,0.1342676230618072,0.87366645862694825,1.3376699956139448,-0.39611007857187008,-0.22442316555324929,0.74765814232476846,0.085992116762110493,0.72285619773226406,-1.4984431051447731,-1.4224217779232402,-0.038614676631407718,-0.061849661244414898,-0.24475662001629483,1.1193072039761993,-0.090925965604024869,2.505739768942826,-1.538759219904702,1.3873267091593871,-0.65252810823980423
-0.7528262772456723,0.32281331729520663,-1.2241690866649708,-0.3445884077788316,0.10453904712188437,0.028920738472144894,1.4799941638690655,0.77362559575338752,0.74588484477711181,-0.85774597633192995,0.7926682424502306,0.38594220888799818,1.5000626471179124,0.89862153949085899,0.71290601819678323,-0.5236274912068436,2.0049476041315204,1.0884273944303098,-1.7598143771421473,-0.90345963397856777,0.14402010895487996,1.7065159753802295,0.31189299661169961,0.66629221369403313,-0.55827244837943213,-1.0871143845550859,0.8361045889570512,-0.58119103722896914,-0.34713408404259033,-1.3519139447302886,0.38798671881140939,-0.46027902527162162,-1.3491206767236097,-1.3721844040459377,0.6749423019695111,2.1845445745858423,-0.13000460684277965,0.1425770238703935,0.079685334502891836,-0.36565752019699882
-1.5532397718208353,0.4122934465891982,0.071789760559300253,-1.212887997974724,-0.20365272598934067,-0.15614760721228055,0.15992093557619527,-1.0549047223237751,0.32133659022421823,1.4153448355241474,0.33971475463981521,1.1009145856043048,-0.40219217687885922,-1.6064950992194824,-0.31615352653854573,-2.0666147189388266,0.96932995627089513,1.2838737677925389,1.4500847165900186,-1.7013811854799614,-0.20497955382835117,0.10393305708613326,-0.16466589437994689,1.6447045367272117,1.2605038849566264,1.7840225169317325,0.42183454541073395,0.018881116960445043,2.5501072381827052,0.630560068959229,-0.52001850940799155,-0.040138545753698629,0.58831472790159922,-0.83712608961453805,0.21190475056318944,0.53291939919714237,-0.5668514166345161,-0.10964815044598286,-0.86335616625184886,0.1018217452676508
-0.12067481985669172,1.0517877306077315,0.83661910788337002,-0.81493086648312463,-0.15715433474085724,-0.42218273888130553,-0.16913491630604388,-0.023337894100104273,0.76954405727166086,1.6954181065944725,-1.0416053523291608,-1.2004508340877664,0.33286163471829544,-0.38575586282917607,0.46787814228464064,-0.51463581300007588,-0.1490971291891435,0.85002894130693651,-0.55806313339742586,-0.2521524403745618,-0.36489723422085302,0.14083659614333247,1.3128441327266522,-0.18667501998536959,0.99948849156840991,0.39058491475321055,0.22553262204795269,0.79660772055199669,-0.17115199470493409,-0.99725200521668833,-2.4313035728374688,0.47197034809557248,-0.14986030098479275,0.8329752490581408,0.32325154141577872,0.51380538884972626,-0.69324863469343512,-0.62865921646479994,0.68575012828349957,0.87433408585189276
0.86655842172817377,1.5976571498355514,-0.13997801990748651,-0.15486667948794489,-0.78160273795626289,0.44072505050682381,0.5837397105228681,0.94080171249354261,-0.95458777693349817,0.44324957140986238,0.50524242375699757,-1.7851765092694993,0.26136341511514011,0.61578223906407747,0.042168344796148241,2.2095951015649673,1.1015453706486549,0.78463749016358197,-0.90297303419245756,-0.18093733579025351,0.90689918483338483,-0.21400883851888092,-1.8335566667510419,1.699770779151091,-0.71272008148176247,0.63810332878369791,-0.074392757932502107,0.27468176820017093,0.29378763389523199,0.10547861344818529,-1.0367747211934066,1.1517403008323917,1.1289054789817816,-0.46048391024328311,1.8412164871822698,-0.98158060629156141,-0.88665489196010749,-2.4672800557235401,-0.44361703857051965,-0.9604734430992351
0.52607720819998827,0.19143407390657025,0.055404082633365187,0.35982043436240729,-0.14838416048227904,-0.00202860027537256,-0.96324084215798333,0.4405905969408514,0.19923764242889905,1.5206140817782277,0.52833626027778757,0.35266555617804152,-1.3313307093009026,1.3003619913675712,0.46436518617399553,-0.42684684121820532,-1.5350305751101125,0.10511179771379635,-2.0961887193894526,-0.68173062876288071,0.17078920627136185,0.44017551969264979,-0.24009965673880787,-1.1514050134909735,0.40536625347989963,0.67952361758393698,-0.33250394714075493,-1.0667332144808792,0.19723622099716692,0.99930954248908987,0.77511735988540564,1.0771208164424422,-0.80396331964156342,-1.0127537541939495,-0.12198277510287869,-0.87402452570719336,-0.035498458461783747,-0.22116281412289684,-0.57314688191759899,0.43369448772003782
-0.54257415739311377,0.61523506143747153,1.7773667061011436,-0.61279990607933565,-0.72703772947390843,-0.90670780556650554,0.7518255023361553,-0.76897177841592634,-0.51137944772885535,-0.19118699130218056,-0.73506300274603609,0.91449501281216372,1.6011135478399754,-2.4950990243954938,-1.2211060208780431,-0.28884531355688836,-1.2656430573461941,-0.13717091085633507,-0.66573477962373329,0.67664555992574249,-0.66897542063681292,-0.39959920304201052,0.46394864865904628,0.53142153515429236,-0.11585447963042986,1.3408711160880431,1.46981333094738,-1.1491005894472108,-1.0323649779130348,-0.59220349444079856,0.21227562146168291,1.4248542409167591,1.171768169558278,0.33316713289258876,-2.4621613305104173,-1.3354738097770666,-0.66448570863440926,-0.027148662778168804,1.1727007588653022,1.0199944058783468
0.68518708552445051,0.23937655973041475,-1.0096083769874251,-0.054597951204267782,-1.5559822011381417,0.91074503378940252,-1.7786357338810586,-1.0406630722442001,0.26332421290848046,-0.77122780240730426,-0.17023599059689265,-0.56734524151199328,1.1115540105173078,-0.1057678642551242,0.26876631086237962,0.32643134646806043,0.46411047699325658,-0.76995350341011826,-0.12137176375068454,0.16988040050695616,0.50195829485160648,-0.51599582134883026,0.23431715145664891,-0.38798205494940724,-1.3108149053193212,-0.71747307576111252,1.5307559468984111,0.12743819264144071,-1.7198694674326571,0.66654523380425479,-0.31430115434274908,-1.0438679124633043,-0.26009402700549344,-1.2395527823952737,1.6845064571709372,1.5983156705648933,-0.12068614635331017,-0.35009182608124556,-2.4821494134070896,-0.49169502084825767
-1.6124433013567172,-0.16411441489324841,0.46599595724056103,-0.34588050484409077,1.1428325198228755,-0.71608756650537109,0.51890909202106694,-1.3557174828847358,-0.69940196940337951,0.97066334741273841,1.0322783238194491,0.94221366897615488,1.5882161463360891,0.16926233083662023,-0.43365553766231119,-2.0150287401604148,1.3379997409632418,-1.4875783660687012,-1.1429788964944529,0.96432307706914622,-0.21358948818614676,0.1685995574872155,0.57941206570585146,1.4174550667459456,-0.40741671399708795,0.94166714593787526,0.23200260062133249,0.14654937537406751,-1.6757284757653781,-0.52556252467399178,0.30990437721990133,-0.90958586020529941,0.81814244921752444,-0.45129712467691857,0.44214158308725598,0.49898518616202675,1.0557672558571205,-0.82795621494492777,1.4516309648282211,0.34625636086169648
-0.15926630022016902,1.1741836704972832,0.12393965797259393,-0.4164924951987321,0.63886537508874675,2.0581359837428521,0.23532477458831014,-1.3900031996836981,0.40991626352990301,0.076523622439198177,-0.91833517054761216,-0.23867237016276768,-0.43776864245427516,1.26755902459743,-0.50327170278912481,2.2916385112182778,-1.2817972446452177,3.0656888839282934,0.19731160847911292,0.28040195716580718,0.85191701263578035,0.078276524107130985,-0.73286091719068824,-0.35834811016833618,-0.51124156257020326,-0.83824091597055495,0.25192762109115147,1.1330189799898784,-1.2000309120192276,-0.092676180203783182,0.026386238683827778,0.51912672722391351,0.21865587749401402,-0.44820955156764503,-1.4140749506079431,-1.4449391087593366,1.099258508059527,-0.9176631252270312,-1.2130878315424831,0.46993312732171311
0.6448285812846517,-1.0787657778051714,0.15512569401909385,-0.19301038373821125,-0.0078383104543881758,-1.7571107540411566,-0.43663239288904127,1.8389979382194117,-0.041814350780954766,-0.10335466570717279,-0.27701078459301248,-1.8028882116397695,-0.90279036527387324,1.453044168285144,0.11349428107230704,0.04529216370566181,0.65906556617699108,0.9158792663975599,1.6512801816942944,-1.5786809112254416,-0.37538727238957825,1.426944296103501,-0.71437138412850942,0.92690398633422477,0.14460669266953213,-0.28030903031831794,-0.20883212598326653,-1.2885627293317334,-1.3774301458346518,0.59355138950540187,-0.42670288810620788,-0.54918801457021604,0.98267966805965501,0.70604513262018731,-2.1240663333682996,-1.3763039797522516,-0.16272341630402065,0.99174421024466797,-1.3356668993523315,-0.88528402619639868
-1.1143538623124791,-0.17650841891112354,0.11167577689301017,0.64038807930477004,0.53615105360623416,-0.15245898085078713,1.0072718861397907,0.31769527861924796,0.076503458069574565,-0.340335540887865,-1.9665347778981295,1.2908218017457387,0.44837343738393032,1.9353393335410065,0.31916708420778811,-1.6133803629073851,1.0366114953960415,1.1716419497595623,-1.0417891445158385,0.84421134051406077,1.3068954073794308,0.90848665044788346,0.28461225666295442,-0.1484008299581929,-0.58947006812012837,-0.012096230784700956,-0.84582910151031832,2.0115383410309811,-2.0028253300734087,-0.68109162579555971,-1.3528697963515952,1.0332423354511173,-0.46571843552290321,-1.6723978256499281,0.55503023232124804,0.0040977454965227681,-0.057731269660419221,0.14923403024950141,-0.36780635441870796,-0.64400795833462354
-1.3453212453507768,0.77054558684481,-2.1484001624441675,0.88242458708801164,0.21374504956108867,-0.45746553974559134,0.46454265983321669,0.22186978389278053,-1.4543208044711411,-0.33679154942866302,0.53730322053315749,-0.89459860909990385,0.55039937783661641,-0.031343944703929157,-0.68230179661896007,0.030879558276709951,-0.86971445639053757,-2.1307826885085399,-0.50281450235773817,0.78884772353859278,-0.69193537169750075,-0.33572356722630337,-0.60824519964786028,0.40887163552462952,-1.3991760748350612,-1.1225475128178439,1.2256322117514786,-0.031848816238806678,0.25655058754494686,-0.64709600045847171,-0.58315977799269558,-1.4267952280770553,1.0560784335908495,0.80372957781968446,0.97756553369824661,-0.077642566973690888,0.096424562550463666,0.57493320428133621,-0.19683399911770669,0.047670819207811563
1.7954495636839094,1.2959355024668968,0.82284646089596514,1.7959624099836076,1.6053848155237542,-0.16461848042910268,1.0485444977942371,0.85530918493821884,-0.30751895889109937,2.6788752813195096,1.5316819000468727,0.41367094882198208,0.80507148412290797,-1.5367067514197874,-0.37018678514608949,-0.012560589595911931,0.4597251013858345,-0.60070771156337699,0.65501483662969295,0.32020875324408327,0.63426789334468237,-0.36528433604223909,-0.1462602225835456,-1.8566879127936793,-1.594344128463282,0.6467917501478172,0.21098926538140048,0.48834795286649751,-2.5837890208179202,-1.3888890213476759,1.0403841114095749,0.33505011000657808,0.45645751445951577,0.039598379936521808,0.1077135598765175,1.5988041004431428,1.8480886441788873,-0.41518053107943975,-1.6216237441004868,-1.2614685290721017
-1.0524593966099212,1.2157343809820116,0.54554186776864921,-1.0798556129854897,0.92032427372951953,0.65348006681901272,0.6670846781799048,0.69969651869686311,-0.71976323228996553,0.77452909257915992,2.2054641377207687,1.1534052382893929,1.6969645807594191,-0.066233544176464071,1.5236753556151741,3.5225440129839765,0.35017465724385516,1.1481527001754763,-0.063887524612024807,-1.9072785937501953,0.4673299270004746,-0.38196917499880251,0.67314730888946706,0.91048410239675903,1.2358078816175375,0.0097307192327122857,0.54695833640809755,-0.62802899204110563,-0.42812083176471405,-0.36157194235433598,0.64797337602939331,0.38511356976898831,-0.26833349305663767,2.336096601276771,0.89241988788363835,0.98654836910469468,0.3606728969732037,-0.77815430254302553,1.0234553466339491,-0.37331538914230933
0.30427177790299426,-0.85616132070977058,-1.6286357611534528,-1.0895186362792244,-0.29684784168138223,0.14316797555095542,0.90575161577888452,-0.050068305240155993,1.025990863209852,1.2254872112135637,0.0043213052535034813,0.048690141236441949,-0.11070750993096128,0.17715520283762909,-0.12090220582788648,0.01295487634731899,-2.7511149617312287,-0.28359631474853542,-0.40240320936717011,0.30430518297653658,-0.23169131038479285,1.9972143168518999,-0.11414465230947772,1.730470628412299,0.922124832971148,-0.36587688505038352,-1.4550654479032117,0.013024685661858687,-0.2842521496283224,-0.94767473214241271,1.09853914274079,1.425883757828174,1.0412027349507733,2.1675219965418782,-0.70014193077853804,-0.3354044032866223,-0.2142741449861805,0.86647951468725171,0.8425870465977694,-0.34855237025251529
1.0621894266283083,2.1738371424524701,1.1605311009542554,0.74557925046951956,0.67895927100642905,2.4399514562022855,-0.43612361048163517,-1.2939018998614413,1.0735478384536765,-1.4683526414156036,0.30711457564295952,-0.9546489602805992,-1.0113905268827579,-0.48277716504471535,-0.41121843887053444,-0.86004166642248692,-0.13185034280115776,0.39541405417315667,-0.41076029932976948,-0.74105544484127728,-0.41263015589231233,-0.25199444196667137,-0.71182164973272855,1.7571235062489976,-0.61547032552967684,-0.48509357697136107,-0.89096744822335239,-0.13033776088005697,0.25238730235119183,0.97291835963745321,-0.60273667462850189,0.97861446907481087,-0.60207720868441517,-1.0202170646707689,2.34567418618431,-0.46964423675695344,0.06087491225922792,0.32612629165593754,0.5030665521433072,-0.32751127384079565
1.6258814790033931,-0.35155106738015818,-0.043315747880554485,0.25989265930330363,0.51988574633633833,0.062177644824185904,-0.19498604698856395,0.073980880826252524,0.56433680349333903,0.35867941820665106,-1.1278165062718111,0.86953732493217128,2.7039849523144723,0.64547194733014945,1.134811906695449,0.97358201695797919,2.4705981524523426,1.181430692188663,-0.81318840702193274,-0.65163272750347734,0.49862700927582904,-2.870985865784617,-3.0937156117519931,0.83041969544740735,0.061156911524525376,0.9320047276772867,0.39204577800472751,-1.4072860504715543,0.8183255153225456,1.1640675372168854,-0.1900417527478365,0.73364048438656526,-0.58796824420485461,-0.49826216263587403,-0.89015630998379069,0.50939381392706617,0.13808538053453562,-0.35666757266722598,0.6267402843996972,1.0694631168910345
0.86890153029442707,0.33958382238053597,0.1909427697358938,-1.5589791331300793,1.5464015903702633,-1.1831985732782802,0.20315572689721315,-0.88291161523077122,1.303198686109869,0.13503979548096859,-1.3451559590592523,-0.5189241559454344,1.6920880084175107,-0.35136701641653012,1.1511838255017608,0.74504606849756105,-0.44442055975776806,0.41008300237104134,1.7349404070855394,1.1904778556270563,-0.28068928729966452,0.21100133982788827,0.6763060560312163,-0.30035847544302346,-0.3992400304192148,-0.83996927235396801,2.1501129319027505,-1.4962742560063944,-0.95507899291269138,0.57021935785843947,-0.80582422020586364,0.95311246590262433,-0.36045206051970169,-0.003242881415744127,-0.50554819444076926,-0.21421726404806299,-0.0051481145761198329,-0.78827986743953971,-0.50973707013114933,-0.62795638747392879
-0.37033277918340413,0.7885091795444199,-0.12259062786853261,0.082579224165713505,0.16140520675359041,0.71504392787397764,-0.1679329999320778,-2.1300253165991281,0.54829563459584307,-0.86823498631692964,-0.0063118114503342097,-1.2549979529941706,-1.4434478628845591,0.12480333752178001,-0.30408728614922215,1.3745328472814125,-1.023106750601666,-1.4639402217611894,-0.28302407263525575,0.83619570849185665,0.45546398502580859,1.9863575198364465,0.51223364002420246,0.6565355599323951,0.038989952751893077,0.68445799244581351,-0.52310721577006014,0.77403622083218449,-0.10438263799948073,-0.9865230902183687,-1.3960131529889344,0.03220413302165058,1.5820632424222538,-0.80986414812734275,-1.6493118145196035,-0.30146341468281612,-0.63486705247135977,-0.99637187279246986,-1.0611794376134653,0.72352916714993099
-0.39378403726624783,0.86435089562486023,-2.0471635459315816,0.043443228748912453,0.60294392220656601,0.92596288971820695,-1.2470195653451261,-1.4896410039678378,-1.2778578291759743,-1.5684010056044384,1.1741510666997563,1.0030551755797361,0.47553240045949702,0.48010775401941835,-0.68826513782517196,1.3286810860998339,-0.0079177700781175933,-1.5291009308946952,-0.22619178039416918,-0.032961236503591437,-0.61219213700450115,0.60493076736670315,-0.25735171618096853,2.0762833389658533,2.5106462679127524,-0.43051077919667141,0.64018859302807929,0.1417871668885721,-0.43485434443361415,-0.90827391072776076,2.0779781159419195,1.83130812326429,-0.89876712173699558,0.2194220197669173,-1.089970333042475,-2.0220814684243829,0.16429506262774593,-1.4029561464865434,-1.3017347393176257,-0.0092885617060849534
-1.0944728922014137,1.6718803331239427,-0.16670005065703325,0.65988717300347433,0.43652981010326553,0.56462793716397675,0.11172480607174774,0.94613269321834614,-1.0808185859239616,0.077134782755636649,2.0055867754048804,-1.1923164423749468,-1.5171872769489914,3.0117303241629316,0.59342211439470638,-1.5882327430516181,-0.58935878188326773,-0.31309161660746143,0.23825804658773056,-0.33400928946152397,0.59911925773290808,-0.98413303195071133,0.16168003587299273,-0.09083405547862404,1.3981148992283459,-1.4900092690876987,1.6904257324154208,-0.036934186304722491,1.0943091492759367,-1.3136497902881823,-0.050221706849272588,-1.1444422939111689,-1.8938458469380519,-0.082171554731663307,-2.3936446261944182,0.37132694909498903,1.1100190017599585,-1.1336338140187292,0.95432501368258793,0.85251577026563208
