-1.0733970779032609,-0.18390506125753769,2.4459077840153438,-0.68679513155030103,0.40949038586090919,1.0275928423137659,-0.79561131788411732,-0.91972247195266243,-0.85398902426795331,0.030001664921631456,0.55936379906656197,1.2566876472208928,0.75306578119757306,-1.0425534562917185,-1.6915797877640062,1.0206640608107886,0.066687633328346291,-0.063803507817673036,0.15725912943262008,-0.49948379021618478,1.9317903776481062,1.6181498662485672,-1.0715026198509032,-0.91008378690497127,0.80741387291889921,0.90334117404081227,-0.096577113456940478,0.21085187950711606,1.5657769319873198,-0.69096806570857494,-1.207428231820975,0.70891325974730857,-0.19014591013886917,-1.4832512788368608,0.97546744445127498,1.0643698558495154,1.1626120775791413,-0.22504490287392859,0.31606876593656674,-0.32785477158179366
0.031795331671544358,-0.80427922308081878,0.29375414985409093,0.020256987547981449,0.74827826482416526,-1.4574447124903511,1.8272296641005217,-0.067477980939899415,0.18935445765029374,0.18844901903937694,-1.7354874226661074,-0.40658141672790704,0.39767257132752326,1.0647619346610533,-0.40623898660899055,-0.9938591774978176,1.279545828650781,1.7412461646438016,0.52849614150219604,1.8640038817051032,0.38922565726418129,1.791707314781898,1.5429594025547277,1.5282072788495789,-0.19840421449560952,-1.2531212164111876,1.3831453103027627,-0.38698922892991905,0.28478558244453694,0.55884749890755769,1.8712041580597756,1.3273023843811738,1.2410459488775099,-0.45231691030001697,1.1005126774074374,-0.84706302992190963,-0.40559432346819752,-0.22078082650940045,0.86148645754904074,0.34958503252040346
-0.35148921247256271,1.1497325952186659,0.13866296039227963,-0.15403615706173632,0.15015652738052188,0.80177833829779588,0.57868686844396033,-1.0401401848199323,0.10877130073743252,2.0694456412458542,0.99089182935915587,1.4799388994232323,-1.6238341666355491,0.032675995295192571,0.56803021940244292,-1.2051803420161991,1.2671768093323776,-0.63269183591987088,-0.43359108537023261,-0.19216380979130437,-0.015948111681756177,-0.028375038876609717,-0.68155140036018946,0.36249785355020986,-0.9939196792017122,1.1180149499378293,0.67215083765976635,0.37162119499809271,-0.79640190497767238,-1.733747883488715,1.2285277774790253,0.94309434948090953,0.40230236306935213,0.98739944456794604,0.56819584283634017,0.93587284960461381,0.62058271984335067,-1.6832711127525513,1.0355478300042964,0.79260596124754545
0.65743235238088438,-0.71854488118100213,0.17649039027145888,-0.63760961776688618,-0.20661583524311156,0.16320491442797988,1.2217425128950794,0.079314647485650494,1.8916442408422223,1.2416666092176953,0.22136866002645872,-0.15006282950843675,0.54706422005537225,-0.90954888394123878,1.0878504031484242,0.017202001775185761,-0.064247157204806074,1.4056813868728684,0.93828711310221602,-0.95716999907852396,-0.56832188829881269,-1.8465370429722103,-0.15908394157223182,-0.64391239508354137,0.87481939900220629,0.79206042712186153,0.51218517553315435,-2.4962784303632271,0.65641809337130741,0.60861996747905422,-1.3916292913239916,-1.1787092036538214,0.85684271147360347,0.61377894022185076,1.2772371840706496,0.16251217952014937,2.3595520209891596,-0.95825219925907601,-1.0587255926697643,-0.60448818367165924
1.5456545633247136,-0.12523396814348858,-0.67326669691160923,-1.3057640297678903,1.1585164291220189,0.32738081055442991,0.076352016925262375,0.59059656711305586,0.20512326488399632,0.018541284020342042,0.60002301785296064,0.32961553899633461,-0.46817237045483068,0.10447988237318095,1.133507758959003,-1.3086708963948455,-0.39510364087029365,1.3090335480795545,-0.56472987482414827,1.6379180675115406,1.5839888912911402,-0.48885626230012663,1.5717287787870811,1.7871007039033553,-1.8726422752056902,-0.64323228906418317,1.2433905164360302,0.54815965125459121,-0.2781717833717996,-0.89085016667072947,-1.3175414990491623,-0.44739144703367029,0.51351604264002793,-0.071883212015180234,-0.83344427190919101,0.12308889506641826,0.3914576360128903,0.17704678789198131,0.79578969553133594,-0.23221633424548441
1.0282567966494875,-1.8858402511845633,0.7252309695425192,0.12054804350925685,-0.59059170876993405,0.99221361654088647,-0.15007323510725551,-0.70183943428445694,0.60214608450779783,-0.52787662626667819,-0.011881866060150018,-0.33376502243344236,0.4606190231390252,1.8209784174241017,0.44620874366560254,0.46266280403743854,-0.49496956932754183,-1.2025539084500987,-0.31223799727363644,0.13118485041934896,1.9708680556263249,0.75797132650908727,0.9209163022435124,-1.2502560740073854,-0.49449167069751893,0.42615715140205634,-0.92409810097885159,2.1475474470971863,-1.6318691020307479,0.21058759174144598,1.6031057785324694,-0.15042367791726272,0.56411044031197854,0.023244662308361735,0.45812065729027651,-1.6645020244615139,-0.75106547405362989,-0.092515853698528633,0.68196976911520379,2.1748557156031727
2.4194730394799495,-0.90273428032245107,0.36344846137157022,-0.43010880715966687,0.28358591508937186,-0.39355379899648374,-0.96882126135596047,0.098115741949389643,0.093595738543597054,-0.72676249362948486,0.59616214208742369,-0.18656668437406707,0.027734021345938224,0.9963527004141528,-1.7108910325182225,-0.94242487919199203,0.014398179057675504,-0.77459365804353286,0.47815194421301305,1.242882608620173,-1.061507919610414,1.1139074560932831,1.2343386448953422,-0.2773530375690384,1.172901282359573,-0.77640257127866463,-1.0320073921187165,0.17739572982822027,-1.5498371298722042,0.056895759555895674,-2.6317265078777705,-0.10283903728716347,1.5717982500090675,1.6153742965522671,0.081905898501090174,-0.99649109874984754,-0.063494402979732634,0.66313216928611274,-0.4597430002541627,-1.7884361859812974
-0.81461424445120456,0.63612533441797003,-0.81261438071424874,1.8242683540899967,1.9122013874872898,-0.046494639241585103,0.071794465791076414,0.51606896186808882,0.55491481409036847,-2.0216325248938962,0.033964306219098489,0.18378694695988995,-0.28242779465204793,-0.82720778976937726,-2.0406505905141015,-0.19600241954774369,0.19731217780845606,1.4141713375513227,-0.7870668540351734,-0.026618302757526843,1.2406313532096596,1.4662657243975896,-0.59140506480885491,-0.5256953964431631,-0.25366513530142304,0.96939432843651729,-0.40121547873160462,-1.0690793307703261,-0.066760275864010565,0.62995453589492489,-0.54356642403287436,-0.16840433557472154,0.19174116029409993,0.37540612742663693,2.5771411400652786,-0.5511659696716158,0.56864833797575631,1.0788131818360327,1.8358503868883151,0.78274429714531668
0.43643102434042175,-0.66303579952179281,-0.74524185417862732,0.17827480962608455,-0.31135990368937816,0.09802675812529113,0.066537885234169328,-1.3316351626872849,-0.25060323974057891,1.4446078136763365,-0.35330386186403118,-0.040513995341734221,0.015777999810835299,0.33968551058811319,-0.9013993780339955,-1.3405865856227046,-0.65037357560861297,0.61933301990545442,-1.6376450088994452,-0.40730474693273283,-1.8063384127910558,-1.4251170441726373,0.23550433055559905,1.1554510884237996,2.0730534957369575,-0.47335510429420641,0.54128441633826252,-0.93442418035716956,0.52382960661381694,1.2668452452754595,0.01128379898186929,-0.32152504412657523,-1.256773377897763,0.89624309151544168,0.051378650819388257,-0.24994169862300072,-0.13008926635597315,0.26940701090905722,1.958341978139496,-1.375469052076538
-0.23516009541876892,-0.53622570126822522,0.077121197452886869,-1.1042659947427174,1.0893924105669315,-1.4684185140209769,0.34726070863109554,0.30684541431149387,1.352081224100468,2.1421401833064277,2.0398833380489014,-0.74824972563215719,0.28323284130551757,0.34492971008693574,0.37155790265109906,0.56935111523111226,1.3790440004192002,1.6469134793994,0.26166723023116861,0.55271358066565213,1.0213189242691803,1.710343016467136,1.3926252457502599,-0.31172110398737352,0.73787128029190774,1.5432364021594842,-0.25541976391705351,1.2188484808683588,-0.01236172428004295,1.5835871438140483,1.0614190645299102,-0.4772971458342416,2.8441522761935532,-2.0323414593916871,0.40698491654284841,1.3514620818407403,-1.0601349198910601,1.0002947137266103,0.82225095316967622,-0.82859367945359119
-0.16200022404472511,0.76386233554651928,-0.027285571854147098,-1.1312365811753275,-0.88018289085071422,0.36429023293077678,-0.62608694548303812,0.68565696399228149,0.76177144905277627,-1.0355312324436756,1.2189006071426405,1.1910210136798927,0.53412323157921349,0.025148179210075974,-0.042622292879423332,0.14122089293378273,-0.86892011319973672,-0.12824093568546371,-0.71141901347126812,0.74342574781582405,1.1168553732921516,-0.56555123681584629,-0.79976347079673205,-0.60964735277544424,0.65354823719619681,0.76601478782120036,0.71136883497514258,-0.17325273428700588,-0.41228929560085847,-0.94014725171834923,-0.43901376836555717,1.2558805961399266,-0.97440440736796841,2.0321421879207766,-0.78858307924797566,-0.87973845020716768,-0.91912880146188025,0.5571223294473413,-0.12276028732841728,0.74613410649831291
0.26613582695238414,-0.14316269136349033,1.3607440709257397,1.1187052286485442,0.073039787858932212,-0.13035227548789452,1.037866631809774,-1.1070795035671737,0.50064202912145028,-1.2360716905456397,-0.37969917375927748,0.88459647371390171,-0.018389710294655883,0.40180904487998065,-0.77433520935428646,0.28716145024121448,1.6553507177180009,-0.20237441593066266,0.2714975077636394,-0.14273950553702261,0.61692539909417698,1.3122490153534776,0.91799275622086907,-0.37404475226633171,0.77208819642832793,0.18018270163143954,-1.5864646478617042,1.7695024563814756,-0.99911098965327549,1.4824591779057832,-0.6804860953799341,-1.3478411049156711,-0.74854052774805668,-0.62567138251630361,0.13029907592549156,0.50514647504349841,1.0383964446917688,0.51513341785702149,0.38063490366828395,-1.3729867663208219
0.00083727250665112894,-0.65587450955561166,-0.8097647202545365,0.033924832304888304,1.0410571604742844,-1.2771081490052112,-1.0972780568396856,1.2361632859370881,0.2394780112676719,-0.51024358671164416,0.42711629729739947,0.59281563494614065,1.7312550852091386,-0.038881653029409685,-1.4003973281231819,-1.3307030333157324,-2.3037263247024864,0.75242037960624475,0.64798451795059264,-0.41072607107141107,0.53917774495314952,1.1060937752526976,0.77622228148904471,-0.13774113653395739,-0.74745739265190569,-0.375171952508635,-0.037756797357514756,-1.9898592352126461,0.23545721735054051,-0.22116226658667903,-0.82180513166906688,1.0155521045703668,-0.67304634641513106,0.54181793760607644,1.3750097297315125,0.099509194247991983,1.5947378147450968,1.932240197321595,0.83627174740309151,-0.46826704080583276
0.41411468330529932,0.37501674997445889,-0.069086647484348937,-0.7354370671007463,-0.81728970738554374,0.97290955119841493,-0.38109009567864466,-0.080016949941650012,0.40260318709181536,0.094380173576245535,0.339163083527173,-1.2081298280101664,0.74062117352550383,-0.32340248638561014,0.56697269348306523,1.4265594595598203,0.23115376653625203,-0.61274239064319358,0.52944928321007356,-1.1248147999550353,-0.20418495256670821,-0.078041884088987434,0.63628196688618632,0.88890474287258792,1.2006477182648343,-0.31110015326137413,0.35149916924191094,-0.53526997604694804,0.254029160959585,1.1934621661738913,-0.20196570208177997,-0.50259558890319389,-0.4000544897746684,-0.54165614519762351,1.1327349891794016,-1.1396834359618049,0.5350881534871379,-0.37883903804863089,0.11384350841330067,0.29838128158418387
0.43885688833403774,0.08840699853600191,-1.2521430671339064,0.11143009219316306,0.89340628297978275,-0.20720516904793865,-0.74733006831854731,0.14493481006085687,-1.0873544941394995,-0.2115603227665353,-1.8137667951186818,0.70684964418023577,-0.19159035683950673,0.72693600897290178,0.62760357459526195,-0.15595192536632038,-1.4418923936161581,0.74442765339056394,-0.76648967217978192,-1.8388110846209549,1.420676734961136,1.3049638809582882,-0.56409376162217084,-2.0331193708464994,-0.28780589581795912,-0.1848990281271162,0.097821860569572802,-1.1548129721742826,-0.92323238111733619,-0.65635425468433894,-0.45295786630253526,-0.99252410118906498,1.2245849114880931,-0.67220893665492276,-0.12803597271081818,-0.25002784355691154,-2.2061704128994397,-0.81503023620356507,-2.2239237236586895,0.40970431011441888
-0.13630659327885994,1.1872881781790758,0.5046308649173864,0.11679675812060625,-0.21908107800801116,0.89069300274111796,1.6942284596320385,0.52883308044342936,1.8465679683150602,-0.31184227982085494,-1.031360688450603,-0.77536822085654855,-1.2874456273790333,0.088591201221877428,-0.95839108100618819,1.3230312673992821,-0.64467444600098911,-0.071114481207542726,-1.3268125617361497,1.1778967117919017,0.59464314015652864,-0.27142581995314169,-0.34355702158377971,1.0694927376586012,0.055564236095080155,-2.5142897114544125,-1.2203734048268344,-1.9435296184386941,0.072645044197216638,-1.1873412312608607,-0.66151694758362189,1.0776642340085323,-0.0017397563200179391,0.30631141397458417,0.15529811427112331,-2.3127197796177708,-0.63964335676546491,-0.28653479974838197,1.443027133719432,0.55542725364375622
0.86219302095319428,1.7797803686673892,2.462921555089685,1.0624246608827119,-0.27225796694505139,-0.96683016600230964,-1.0143163653733334,-1.3272799469764198,-0.117183128054607,-1.6886664286273854,0.84785433479757077,-0.0061546727704399756,-0.36554765553395752,-1.8025323336505117,-1.2373378267433166,0.76467463660881463,2.2086058994305873,0.8927284569037961,-0.30013130437589547,-0.46425342427491634,0.9968657340473801,0.40847816418419874,0.44020295181904073,0.56835059951689859,-0.74816009082369939,-1.8261267580393274,1.7734708646581097,-0.26237212070858462,2.2840112815979339,-0.28129965437874843,-2.0237415411309847,-0.32810734575484596,1.8127648609703946,0.37269964153500607,1.2858905465143569,0.79697656787368309,-0.31381454705670203,0.81137250508276848,-0.41935258924153251,-0.44879748081901089
0.54478691636415488,1.1803429709328819,-1.7518880276115565,0.29265089162837299,1.0621433922413857,-0.72531559544245605,0.5606876737415728,-0.12390200019079639,-1.33011017047608,0.21833467269962373,-0.95751589324540332,0.094958825135298949,-0.45208651284404872,-0.15161317533228763,-0.13485530214533348,0.065168366026431793,1.3585709832536483,0.12790715903516928,-0.88756196088516937,1.3437272485872371,-0.44943438320790119,0.11806018195693506,-1.0580420973077829,1.8348363787371766,0.63157893420883227,0.10711806894580685,-0.83751704166880758,1.4547946458682215,2.336444603737263,0.21715206446825988,2.2364865944881651,2.146089008925288,-0.75353425827828902,-0.33315644257926952,-0.06127579188762923,-0.25068920652162102,-0.32996074724805224,-0.29736726259791763,1.2514836051485023,-0.26041633055701086
0.037107691365127309,0.005060155272610673,0.89175864659188508,2.0745547058960172,1.2844477076364311,0.92528963589437729,-0.084273501231346776,1.344107239874599,0.27586703272589314,-0.65845230654343012,-0.75454046350198412,0.844387276792674,0.26343891498897026,-0.016642411699474578,-0.050987480831581007,0.57547237240977622,-0.62238520341654036,-0.13728313256123575,-0.11025448152888009,0.90714722647075419,0.36360682212507262,0.30246606451207986,0.51897484730828036,-2.0331161773801969,0.61197829694954087,-0.53589743922578659,0.95297101264852124,0.24024891708487642,-0.23173599365076741,-1.0672589783696889,2.1458283073176054,-0.67769412407303831,1.2078201895874829,0.21176798957575496,0.10363266131441577,0.13907467518905126,-0.84448122490332511,2.4057157099966688,-0.9453923762442128,-1.850938195446497
-1.2739132346820921,-0.33328238466680044,-0.43023571616264977,-0.90805426951075974,0.20955489912255526,0.057490734901664911,1.3555746273270564,-0.32345358763505272,0.17420172339911094,0.10427080242134967,1.3409719767936492,0.16238203871928966,0.77476789344206065,-0.17426144045137471,-1.0384841580118198,0.17699097668694533,-2.6488632625024553,-0.23717437623628262,0.014813192648356564,-1.121781721211291,-0.48137070906226254,3.8445973278595504,0.77699433828362696,-0.4072784046311162,-0.34074977333480877,1.4597327766771848,-1.1349136012246475,-0.85366543917638948,0.7362207267982106,1.0533267768998844,1.2771173991764984,-1.3266595279426785,1.3064563652497203,-0.92998603552321146,1.3538054730298752,-1.0177300324866565,-2.6769359641713755,-1.8181067943858782,-1.0268491915117957,1.8596870250595581
0.98317896104430424,1.0249744034851582,-0.11625155320194433,0.43405556983650728,0.12446562348646467,0.3366279074529171,1.2796424794440646,-2.8073383263904561,-0.46770754817557536,0.3674335617420843,-0.084172894762458747,-0.23986903582434169,-0.58985947921053239,-0.33586156059346312,0.90207276143408321,1.0043355872990356,-2.0888495102774485,-2.0801713071307355,0.16755780882463531,1.8103204433743345,0.17756687295521054,-0.72931373868649174,-1.272110347422188,0.88801768408779325,-0.08193003384740867,1.8644055346175343,0.28887017946369042,-0.061304834671729896,0.75501503573948214,-1.0716511347916997,0.44181228923649951,1.1745687688904636,1.0374223308858797,-0.36474282776566236,0.11592529433191047,-0.87355789718542365,1.581574126126285,0.72625566412507514,1.7987905898087018,0.75960808781055122
0.079130511437203288,0.29006208037484382,-0.50845311591162334,-0.048776789734233578,1.0169459685928413,-0.24768422589806868,0.89426860226200022,1.0276898106942478,1.5234723176523037,-0.018995191889772278,-0.2500765602073472,0.59787325778955747,-2.1253161472344027,-0.12399569122940649,-0.37801594302719072,0.6127435975787503,0.37038486965252099,-0.081318028114100327,0.48797295429417259,0.66587078318867876,-1.8547709035195152,0.37818988915899082,-0.40490030011308081,-0.73037391426585485,0.49889434506470015,0.12359667964594394,1.0219998647365904,-1.5368159692485179,-0.59665409695783356,0.4729038752097996,1.3319564784569122,-1.6915077743682538,0.040951054892814247,-0.015585736503720547,-0.79687985908321002,-0.93773930814041417,2.5953881211036558,0.8558310922209279,-1.1607453483335672,-1.0393017116924099
0.2235304818545947,-0.93041588617384963,0.64200056864653077,-0.15894156279062785,-0.52753339979923941,-1.2913344448250028,0.90240623195850345,-1.389405532377322,-0.3100023793948789,-0.94127597901669824,-0.28462960696155742,-1.8179101479108992,0.81137701620712666,0.53286746167428767,-0.7618399916008266,-0.41668364928109591,-0.40067535749350353,0.30819694861291147,2.2771323312898608,-0.60355956870274108,2.0675341142513912,-1.0270306785547474,0.68212016386162511,0.34952076163415619,-1.2381995785140221,0.41366761975258126,-0.15599565965148629,-0.070941871885897026,0.54335289736995473,-0.87092784234942067,-0.426305441547146,1.1472245032007609,-0.61106204110782048,0.55764588227508938,-0.322827005054661,0.80000316330689025,-0.6578967077361686,-0.81361711565476125,1.3229980697836434,1.5169385320153812
-2.558783025606862,-0.34240888004383291,0.83994708700311038,0.075033105064277864,-1.5788462084253516,-0.29431523424094069,-1.41048600181393,-1.0864062848392242,-0.23441869704533183,1.0927431791837219,0.51070878447528989,-1.0245547330672558,0.9601269330195954,0.4997218779419112,0.32103349218287597,-0.72617148653402908,1.0997537330646312,1.3034524150253959,-1.3957385862603384,-0.4858064327644529,-0.37682648293309978,1.142229385979024,0.70102227223080726,0.6133548585668861,1.9648889263677185,-1.587602267123889,1.913116624706668,-1.3497641410961523,-0.46030463998352217,-0.32213206243497483,-0.74061133927606948,1.4695612166232648,0.29975790200495084,1.1048629756317081,0.021956806950162694,0.20170795459567031,0.2238810729228255,1.3649922129529874,1.5211726458482,-1.1260264582043482
-1.7217123072374814,-0.78104011417183583,-0.19959195326913257,0.86922424043053892,0.36185765854164381,0.94409263840623947,-1.4392183282840798,-0.30558161573722131,0.071418734791871191,-1.9960698454571497,1.8873288628726079,1.9079038455217459,-1.7536640064459488,1.0863095943112142,0.99394972219076694,-0.89665974672277693,0.54559123140692023,2.0302309399341647,1.5863142784409132,-0.69113435489989317,0.33164117445487917,-0.56919611649299462,1.7297756936002171,-0.87340013247121195,-2.630744199383785,0.4314000402946655,-0.042253279040429331,0.27810819924690505,0.55852677390192795,-0.88110307871215177,-0.68839354729574498,0.25866554560128879,2.5044341993875907,0.38276918078447447,0.10119880604170664,1.464391075219714,-0.058621276311226635,-1.1322738182936931,0.99057397836328875,-0.1147788504918508
0.29891114477775826,0.44987758557607421,-0.12325120157731201,-0.72684548147173855,1.2334871188896532,0.26617316707394661,-0.5121950591436919,-1.9880206955452269,-1.2073522019451359,-0.35730171108462616,-0.70029737452743035,-0.058773941012837852,1.907628852963934,0.051997488538179558,-0.012639485658437706,2.1758881924992748,0.30183030258523369,-0.72236199925676448,-2.133024917050653,-0.88736455371179368,0.55150021275158045,0.12802447634167016,-0.79536613540317669,-0.048987360910280719,-0.15631867716415151,-0.34472939410041908,-1.0246339090733372,1.024912891093374,1.0164628983008179,-0.083706847718037436,1.6448509002540612,0.72564612134956386,0.73517581080613459,-0.22087328852911611,0.053062323249120691,-0.31829913163263307,1.3358459503104572,-0.80174273351974912,1.127052055354905,-0.78507301700626331
1.1117695243469776,0.60651289294789734,0.80571623929913672,-1.8707329309585996,0.93807715387356994,-2.2433819960958568,1.6188572369287106,-0.10992792388451188,-0.29881972797684309,-1.4441977235113848,0.77739866555204673,-0.1631178930461345,0.060813347540347666,-1.4904514482325584,1.2018127117047135,0.39090030952984639,-0.15920149721414703,1.6101946214048544,-0.44276188853967552,-2.3846882004909773,0.52465487732953375,-0.45528632578532102,0.32761896720762002,0.5797948412371231,-1.0165522282979609,-2.0768989191620855,1.2433652460408684,1.396288136063871,2.1637795206542667,-1.2259015262714759,0.16524424250030317,-1.3363373717564335,0.14608753175671763,0.27069357711297415,1.5536040283253487,0.64747566430663317,0.038110827255465052,-2.3702203687761316,0.39276685619226293,0.7322459247847205
-0.46971939803369273,1.4733913303863893,-0.47862606860377327,1.3986865735764211,2.5600740098727046,0.48994734694147796,1.197772198109418,-1.3101033643316868,0.99780181683270219,0.12822670837393824,0.49744204936785408,0.28463262644972959,1.6966446705239258,0.39706828575295156,-0.17277227782850932,-0.6073866451514387,-0.14316162075408931,-0.84369034189476377,1.0008355197333876,0.67329163313970142,-0.72960975092741531,0.26216462496453641,-0.77378005762939273,-0.079516741539773367,-0.015429376585549276,0.43981195476118146,-0.19723588265623798,0.30973575294256628,-0.93826026198990697,-0.34232184153453415,2.2004764902374063,-0.18701163164144899,-1.3320429354021956,0.50547651856876941,0.68641515482307935,0.57913956249841791,1.4700013968686303,-0.055567799480690162,0.55167621682106627,0.20981680604986913
-0.99713352278668266,0.71942108355854262,0.21827349188160375,-1.0751639477829831,-1.3850190512824372,-1.2493269267656792,-0.7558665761923985,-0.27844316009938397,1.7888122396615211,0.20281181006948532,-0.056070879650344019,-0.23728851847029447,-0.69810076090352147,1.1797263185578153,-0.24315215049909764,0.88003685206039717,-1.8770658705034111,-2.0002693711355897,-0.2727622518364502,-1.1811413368025445,0.61397066153604951,0.025904634685674444,-2.6374345730041924,0.2005521732906578,0.57092372340174791,0.56229336452377543,0.39213635002319286,1.2662144716588954,-1.4620940288620952,0.60977212753690646,-0.63458086069849184,-1.3082672348515205,-1.1976205010225827,-0.11806977245283881,0.50840697180600569,-0.70172351617232864,-1.6032740853150438,-1.3281687325740976,1.4433591708452485,-1.3278596360427448
-1.201251331412535,0.20358714110616341,-0.67389449204202978,-1.5413551727347277,2.002456031354102,2.6574558320377779,0.80850786188261237,1.665889147194493,0.6864307516514655,0.60402828108271223,-0.34161061075171484,-0.94000307291082608,-0.26975670750010783,0.27894577331044146,-0.53040794609408803,-1.8167691854913974,0.74982224455220792,1.3856764259650947,-0.76992580156457446,-0.26998224037808366,0.042769238802396504,-0.11146806431634536,2.2939540164904666,1.4525828157234422,-0.40873648771196547,-1.4856469456961088,3.7945837929476403,-0.99707950196709105,0.34538109359743696,0.19749147768966674,-0.23605244774583009,2.0526840648467606,-1.6877720880311691,1.1346150875263874,0.026835846327792953,0.73825174251070558,-1.2115639030320144,-0.061054521203605272,0.7409811715566732,-1.2449033892497725
-0.61711478040543288,1.0670642617639301,1.0894419912690283,0.029124942802880579,1.149311516260658,-1.9849854681385988,0.7481150631918253,-0.42165479113866317,0.82370279466362617,-0.39142598498746589,-1.1410742682344608,0.035702783714565436,0.96181227946085879,0.36384027210493181,-1.1484706950669328,0.93227059516282629,1.1897565210570167,-0.26078439452205737,-1.5422474481461019,0.65354227066325998,0.59267597414617845,-0.23928843068261121,0.7079607459405296,1.7903661105122424,-0.91554062331062736,0.60863629877106806,3.027332114494711,1.3893927833179054,-2.0689928655538234,-0.54035291175937705,0.67711657743668308,0.38017353481445243,1.562291397436167,0.20484355423447118,-0.38333000092422559,0.228950977394907,1.7928715593134252,-0.89747714567974013,-1.2466387598365958,0.10991774109570195
0.24312369314720281,1.2675734892351955,0.95252901756322295,-0.44537798192692996,-0.45032109143391197,0.82927759430951897,0.64193944862038088,0.47576214480563739,-0.034594409605259814,1.238842200821199,-2.3953730463023271,0.44725179581328961,-0.031868897346020317,1.4304887565056905,-1.8009484955234205,-0.12340988010438071,0.16368568297473671,0.86528176112618738,1.8209600441751379,-0.32222257148204964,-2.8029576522200181,1.020999351239902,-0.066849485566906355,0.79646495206624968,-0.49827850883687935,0.77500767302123763,-0.92237794330897416,0.2258711758586196,-0.82657632373069301,-0.47720379430917326,1.6177348793487847,-0.60764779162297877,1.4850109594869676,0.24995223495065774,0.70488644964269909,0.1332298780484889,0.46410293479211839,0.018565338634048332,-0.1147204732894591,-0.94407851932895281
-0.83190751535813212,0.56677503999179968,-1.1192816318980978,0.51364433112537455,-1.2625680691703545,0.50914024273064495,-0.2952810946510514,0.48131927196210306,2.5274431002994282,1.1372282418357302,-1.6215857414485579,2.1508056335915717,0.46121309078781314,0.32395400759727772,0.5518568179661274,0.0053727583042788539,0.043683067723200394,-0.51524608954112205,0.91122233586813517,-1.0680203052074726,-0.86405680971245014,-1.7188673463600603,0.32720424026990769,0.29770625173824633,1.2348702171181862,0.0059199737218668964,1.1719922021247458,-0.27801506980148216,-0.36541656165449365,0.76028914187265995,-0.26511242960197534,-0.80172488144457044,0.20833270031411336,0.13257700336132372,0.50903191742991971,0.1610299389441914,-0.36603354341030808,0.26441281114221105,0.93965854188540776,-0.046599200650844309
-1.6975953565159663,0.55376956727437798,0.52515771128369182,-1.9943532242361717,0.30677593550471699,0.66878607682187297,0.24906236367974979,-0.80194165824185704,-0.7059266439844305,-0.098850955705917565,-1.4369158267467441,-1.6590606679405795,-0.10669574548093748,-0.09141176569912661,-0.18435773238275788,0.17525167964127517,-0.7396619709012402,0.66270507753249364,1.2751883479408461,1.3566058265553016,-0.58303301646766981,0.038556996540534023,-0.86486305186995005,-3.9433414458640113,0.14947466229067061,1.1383044490193917,-0.29226055615029756,0.96805327715947742,0.024254185366741999,-0.38297347802685527,0.48289860267820939,1.1306432085527789,1.8690984889312676,-1.0059897173388996,0.56727357919344279,-0.75192473051797926,-0.40157216020339742,-0.58984518157400379,0.80682036557285741,0.78770650104380191
-2.0758249852899664,-0.14787222966994082,-1.2177630180543044,-1.9478965935379129,-0.94218864731526508,-1.7487682724153715,-1.5041052346295571,-0.6911801652135503,0.74808786418882445,-0.8745985587822892,-1.0561713742107863,0.88510422860946669,0.50864061377697878,-0.75401278088665913,-1.2401730684022356,0.78895757859337323,-0.87486692627354024,1.6137068047406755,-1.0711286424021063,1.159541811417669,0.15814452444912544,-1.8174144638310292,0.31608525634503504,-0.24313397037909942,0.12233833511335962,-0.15698777428510716,1.6098983333657524,-0.69593871449330547,0.14768394639840254,-0.15400005247040979,1.3103683105505219,-0.036060628539502586,0.12917097560637109,0.95926800412867286,1.8004319255784818,-0.075919421114140864,-0.17360690262442521,-1.3125601885336293,1.5201107563262513,-0.98117664676849325
-1.3872486686088659,0.72307765890381193,-0.16002486845472697,-0.2012111141430997,1.1929306961911519,-0.79153255145429513,1.894478206436321,-0.13930401942436743,0.53978183580654326,0.55980762427719455,0.054727776824599436,1.2835315670723912,0.052308911125919268,-1.3428844074805188,-1.3859048806890706,0.079233964614327593,0.5664121667769193,0.31112545726047425,1.0201871784288989,1.6795637297338279,-1.2503130898494925,0.47530242996523969,0.66405070190735316,-0.43132581991988744,-0.34753164632588357,0.37268525750827564,-0.4435679880219725,0.31414864332385906,-0.35225934577883738,1.0496863018671327,0.80269955682948479,-3.0558871177525742,-0.548607643426961,0.25802824005096459,0.26345722884971323,-1.0738202523689144,-0.64068361577587496,1.0000531099020669,1.4782658140358917,0.15750311130006683
1.707066292546918,-0.042354389722466676,0.39927656895766916,0.16021497958156852,-1.0654546411535646,-0.5791667862327835,-1.9150637922763301,-1.3796409488044203,-2.0724322013787124,0.63273261952464988,-1.0828198232242419,-0.49249592086095356,0.76191499873195401,1.1885642392827223,-1.4813427003653505,-2.0870936881278852,1.6142723862241271,-0.79083817955415747,0.42021831611164001,-0.29394570270847098,0.56144669336587893,-0.65383561660659961,1.7957518752110473,0.53951449256594242,0.95243768711219978,-0.29644346904592062,-1.3580763488349958,-1.2612846981531824,0.30161377450924132,-0.13243116374347014,-0.20151441388975125,-1.5206466538629606,1.0585389401556728,0.2847568312567873,0.0075873540230761141,-2.1909624253849893,-0.39006664301033367,0.22803083677115907,-0.37576566504723957,-0.50200446748736416
-0.9205572887210729,0.52732713956778576,-0.0023107569529980327,0.044644479900512311,-1.0655186761136126,-0.44057257880555262,-0.93527029463520794,-0.45727130706685498,-1.7873223418921398,-0.39298691318456691,-1.7159484805765182,-0.2223923785720488,0.15704938858775486,0.21728813366609648,2.1328222501579757,-0.1946787440003061,0.56287388288582585,-1.0290778296060941,0.51980028582713333,-0.53785570151192585,0.68662988303158268,2.5389510670907449,-0.39211221588240674,-1.3881367669829707,-0.89655378532491636,1.3165972042233285,-0.90949213940798557,1.7656199137076909,1.4262210480371773,-0.30614646107342325,-0.48789193349050669,0.1886307170218682,0.70238610809199697,-0.51162396963256318,-2.0647126419903898,1.257421450228094,-0.28457894362180697,-0.99694491799438223,-0.040725907381916691,-0.18238313169801246
-0.52210030138925967,0.64566895761357945,-0.07243707396896637,0.39697575024836612,0.48673530283977678,1.246705722089287,1.2416861357308304,-0.72059089099550044,0.26312097050068001,-0.096278558226212979,0.89786889128945757,-1.5190676071333811,-0.95981690184210089,1.1809108774231993,-2.1397218220346783,-0.98881768219178545,0.53733458012287061,-0.0040810403547216021,0.19329229705990042,-1.2558362545131805,-1.4455800493842681,-1.0286960977780086,-0.26624729443865996,1.0281158037584022,-0.43216565206372964,-0.89312330028372711,2.2111885929848931,-0.19111085888257476,0.48868619989794887,-0.42834520216975841,0.17361378464913976,-0.43492872651068815,0.31021286837755047,-0.62050866268787119,0.80440195616476662,0.85183217772407127,-1.1140993147254725,0.0060403815577554261,-0.90788487714764177,0.72328525507886177
0.28718995430701644,-1.649519290341356,-0.03615606824035509,0.69421106927028498,-0.051987465179580132,-0.077726194752036293,0.60722557972117963,1.7217905847292376,0.085652421966388739,-0.016330423128634246,-2.3085492466340498,0.6144892725762886,0.29426709874455781,1.1785357780348349,-0.68274553136242933,1.2589276752134861,0.37046670566693712,-0.5107920800274196,-1.2257931163803466,-0.12943733541557315,0.51514677652321061,-0.80821300348015834,2.6299537942334141,0.23520580315030767,0.63781462341426365,-1.8757945774149982,-1.1141635174379598,1.4433496202439355,1.2657984368567987,1.5295343127073937,0.42631456865589251,-2.5803362051331038,-0.55246769226091574,-0.32178815876419209,0.54227026328731953,-1.2556568519459206,1.9177901713004792,0.9609489567974534,1.4252061498191397,-0.3360069889320092
