0.0073588100751856888,0.053198710333071497,0.034053983376474035,0.010531904393503815,0.02807535820278214,0.027271864126538918,-0.025668403531258006,-0.015246236938588967,0.0076847134748261265,0.0061052425872990404,-0.03455330998679533,0.0035406611557048315,0.015226337284374595,0.0089595992323582285,0.025301764916495929,0.0079145190696418202,-0.00080420125798852144,0.036920549406925705,-0.029691459086283428,0.012008792859836749,-0.053204370684052746,-0.0096716351680453446,0.0050341147550915129,0.02481358936403601,0.014732009488635416,-0.0424053325360206,0.019855054580884216,0.016922253848591522
0.019363505131334755,0.047861827793251349,0.028747328146338069,0.023389524656299149,-0.0070315734174252473,0.026489722352685249,0.00011862967419941856,0.0055698397440689757,0.026127175459415709,-0.013108720409800321,-0.018011206754694888,-0.009330236033126247,0.0012742749746656287,0.0031968113647683097,-0.011675396527629002,0.026091875250622332,-0.0051916135787701762,-0.010376552048048866,-0.016198801786390719,0.022217346199592019,0.0095917879894724389,0.015675988127078735,-0.018075017518437687,0.028635474313378723,-0.0047379865718191186,-0.012489944112734906,-0.023695053156432687,0.017445402975811559
-0.026415251718162804,-0.04676460774849419,-0.037392193670900173,-0.035466030757933427,0.040036977846767526,-0.02938891107362979,-0.01187170129816959,-0.037724793321756801,-0.060152775695630635,0.035148826939308542,0.0052589754617599731,0.023473860112891706,0.0066280507933637461,0.0018589236713166259,0.056444726538460326,-0.050538388203153109,0.0021136183421777911,0.055549395538051279,0.0081111915229599343,-0.035942391974299916,-0.067743196131753919,-0.045512457656514592,0.050212163598915116,-0.035397467935968499,0.030255120607411028,-0.017431881062508401,0.074014157909994452,-0.022754279142574923
0.004132624047144394,-0.046840299979964993,-0.049659381681454152,-0.012350425269011372,-0.0096198061624612249,-0.029935111333355552,0.016314489355214946,-0.028853036890025639,-0.033438294620289577,0.0052774285279991989,0.023855048660477912,-0.0077032563404231319,-0.029748404062582581,-0.023771048626137912,-0.00077004578871343399,-0.024487018505004017,-0.015384393649285082,-0.017618091550266932,0.024747178507118661,-0.015615040937456645,0.0094013346960194807,-0.015693920102576482,0.00065455656682935162,-0.033135912402217048,-0.0034485534099418296,0.022931415764397955,-0.010158278232583726,-0.032500504996925826
-0.0068918619649695938,0.0079019048415338473,-0.0091684906433111817,-0.0102465345605041,0.043469160607984024,-0.003560148646469303,-0.01967987873702089,-0.048002332325651861,-0.039235477442684609,0.024170418435559948,-0.018192843379543775,0.012446234927870283,0.0052462940602838416,0.0032402267385809925,0.055167448335313,-0.028245042543120637,-0.0048415338770371828,0.058472752098461214,-0.010631901958650167,-0.01216245184823401,-0.078494361449084255,-0.041514735659090578,0.030120598616464874,-0.0054412860998439587,0.030621777635775414,-0.040458953512264174,0.05942839153188733,-0.012828606918182136
-0.0051234408235526175,0.0028303875823263301,-0.0032606473390129074,-0.0064144205906014563,0.020426713867191547,0.00353968829113666,5.83114771776794e-05,-0.01719443394217075,-0.024741193376538878,0.0164461717362735,-0.010430707762410365,0.013619916344935482,0.0090424103284892157,0.0096826730661979006,0.031910707233175559,-0.012166482540970953,-0.00055241625951801983,0.029606034505774519,-0.0052988093772775779,-0.0098644181422551675,-0.031733621213532612,-0.014880782432190574,0.031726274899695699,-0.0055544219879273982,0.018798599266866924,-0.02067810405400175,0.040614495259931029,0.0040031429221533254
0.0048461360019221855,0.072792059792888275,0.062607956692624187,0.023615840853514092,0.011078191381431315,0.041465540930380754,-0.018188077087919138,0.026090268052406579,0.042111253718023385,-0.010148428444135511,-0.034076761202580907,0.003633553935738984,0.03150126804796731,0.026273299316917062,0.0023024684053409069,0.033203461378400072,0.011571599242446235,0.0199251623734314,-0.034002492055966296,0.025864008065108805,-0.013624325513787413,0.017240676477156811,-0.0083921283961841571,0.051269140085566017,0.0062470504755306423,-0.034785065302414583,0.0054743424971711793,0.037779449017343626
0.013676740890506319,0.013541250303210357,0.01642179437821838,0.021452342852605943,-0.038983208863912634,0.009619667661628974,0.013397653474676694,0.035432922285097181,0.045710252493690699,-0.030037711236140102,0.009478245893317503,-0.02118517042678315,-0.010555330532836096,-0.0070581886740259505,-0.053797232784127604,0.034346089851521738,0.0017017597594185196,-0.052652707314618526,0.0054648559868462785,0.022808876152587584,0.065815947591142079,0.036072921884487755,-0.045152656565698272,0.018450024346135647,-0.028801141702162317,0.030111805774489058,-0.065004070015817622,0.0072873945746068014
-0.03092107881052129,-0.031322757548451492,-0.0095841626975196707,-0.026769035856674145,0.026724349512897903,-0.014638474553271498,-0.0047746488088519926,0.0026384270600224922,-0.031749364259587902,0.024735133585370078,0.0044400944615265482,0.029148013562946006,0.026305778137602764,0.022408011165720332,0.039437572127032618,-0.028325378326611531,0.014927170064909042,0.042779919559823923,0.0026794059380615843,-0.026728501620193672,-0.032175333161350399,-0.019515206543510355,0.048132331354997185,-0.015780999855424735,0.023453416251935699,-0.012263999197741083,0.068832358266153262,0.0019211187632697947
-0.010464465633761185,0.0020428439501440254,0.0029698690964410556,-0.0075525133841835828,0.021483876619166863,0.001397734795602222,-0.0084464928168026462,-0.0098406077360047497,-0.015652985486618483,0.01367106444951525,-0.0089536926117890197,0.01357790456896152,0.01271261373530537,0.011295291018104654,0.027121675544958937,-0.010631486304320871,0.0051350760055850625,0.031150785575682561,-0.0062651967339992579,-0.0081082313769164829,-0.032478687171491528,-0.013978959099879781,0.024009896314922053,-0.0033231983131744537,0.01530376308519627,-0.018954361145377008,0.038757755322269334,0.0034434484011787551
0.010067248812013058,0.02894993567105731,0.026151485555875223,0.021815941025359581,-0.022894903188694627,0.017249538723030141,0.0079318894078628955,0.030084139793134991,0.038624441612695071,-0.022337548193797546,-0.002265857943133109,-0.011613576506400349,0.0020504706779158216,0.0048704948723911953,-0.031897401131247297,0.031145755389111705,0.0038930042938793426,-0.028271266045677774,-0.0044602472705995528,0.021936317530974202,0.041988148515662106,0.027484237512785867,-0.029424478160295552,0.027837646850716071,-0.014510483547104876,0.0094513908015129381,-0.036581982734185371,0.014769727941945286
-0.019609344617503997,-0.011886147924507642,-0.0084908402116888933,-0.024490411549316946,0.047954591363750361,-0.012651884751790559,-0.035196170109710975,-0.03740193569498939,-0.035297823635632851,0.028608637393243177,-0.012530446404103703,0.017495904249472644,0.012030265812244595,0.0026135423532936027,0.051714872853044852,-0.035651644924485221,0.0040222743662159041,0.062657648526047743,-0.01001053321184726,-0.020323185323003021,-0.085651184176759682,-0.042375623788119661,0.031230099218933157,-0.01776076357407326,0.02484850178408923,-0.033757638810051012,0.06143265891064742,-0.013354692484780474
-0.011814532965208301,-0.0017403997494438127,0.013349360432806745,-0.0025103359727078555,-0.0033476488555674775,0.0038292190070762606,0.0054701642471067626,0.029234173518939945,0.0090267123970949204,-0.00016979486708068657,0.0030518680246930515,0.012122639848547138,0.019874389028364668,0.019439665254945854,-0.0012131401734539935,0.0056969194318689078,0.012410755924826558,0.0012560069753324873,-0.0013401471237001457,-0.0022796283840764197,0.018317870762294755,0.012388822127653732,0.012233490022997274,0.0081530029216291405,0.0019873156064196436,0.0024406010711918941,0.014694129676471277,0.01618574511191357
0.0028638856591289156,-0.0031542572511980126,-0.0083381910743965167,-0.00075847527610991541,0.003935872473129055,-0.0028978113732547133,-0.0015956903342530858,-0.015959955719832906,-0.0088703014282284706,0.0030214515332419286,-0.00099922437529566515,-0.0027573456736167171,-0.0082802872904445615,-0.0066915636078230195,0.004642988108500631,-0.004524777295786991,-0.0045483675434675836,0.0028221332150204655,0.0020811157629124274,-0.0015847065506880398,-0.010265283151627995,-0.0076119419305192672,0.00060842356421938353,-0.0087448778499942207,0.00042298763373876139,-0.0019278771237001148,0.00095543022975619156,-0.007880107886069472
0.037458317204671569,0.08097355399596444,0.050466722569223528,0.041639001068409641,-0.021398140717744332,0.043021138781573071,-0.0060727664399492414,0.017258721345228933,0.059693222797652455,-0.031483279681253029,-0.027494630199408576,-0.027475841334337007,-0.0055400854833110814,-0.0078001735126128399,-0.039021167915751061,0.048993182423212274,-0.010223282086222687,-0.032359789969966385,-0.027185489483620845,0.04343041918443296,0.023493290863626663,0.032435249607859408,-0.054244507187003008,0.053266353353283252,-0.018221850815777884,-0.0103749934210574,-0.070997995579582363,0.025356003308193615
-0.0099246295445146286,-0.022409671605570437,-0.026361170716541676,-0.01739768894632655,0.02449699464403586,-0.016246517925152207,-0.0021541199098701596,-0.032755467481609325,-0.042225763099200099,0.02145549031053583,0.0013930149093686756,0.012789741431810667,-0.00020687036649560229,0.00029023924001241085,0.038825647212302153,-0.031214466791400518,-0.004590813595879809,0.03336986447543993,0.0047522964028115728,-0.020093803057292383,-0.041950058963875228,-0.030634217384373094,0.031725342724472153,-0.019280129796164676,0.021319990030600412,-0.014838493417924965,0.0461947163109502,-0.015890358625551444
0.011120793852221538,0.045948489931394158,0.045384158254595873,0.029450736634925281,-0.027709645168019863,0.030092631858221183,0.0093644578854045167,0.04737088548347855,0.055384137755459258,-0.027864509223297827,-0.0078246078663338232,-0.0094766461264900997,0.01213202085582292,0.015656786852264411,-0.039658142317461897,0.045907878643905421,0.0092815483248018683,-0.033119422930657769,-0.011120946189370946,0.029744613776762966,0.055846885285641072,0.04138660220360383,-0.031078063016968201,0.040035178430987452,-0.018146965194068183,0.0073063381498826132,-0.040134798633917543,0.030373166929272496
0.0031107191567005068,-0.019294622042834431,-0.02090497156102529,-0.0065606129437731685,-0.0038007324043976675,-0.0096598327384180005,0.0086794070745188044,-0.011539010660863311,-0.016515148102212013,0.004715555767825166,0.0077672368133439047,-0.0015378717481814249,-0.011683748305162949,-0.010456329721301416,0.0011242896564316338,-0.010434216785443368,-0.0074821655767850024,-0.0073001994481122837,0.0088726892902585477,-0.0082528070952744177,0.002496939053042524,-0.0048839109828375431,0.0060390995478716708,-0.016086081055620895,-0.0003102991101895819,0.0088637631910234611,-0.0036488329698068332,-0.0093170759235482962
0.0011285606335771732,0.022831842010683615,0.031883684798815169,0.015542039533917595,-0.020132669994273943,0.019844158189379162,0.0081625676961166772,0.041707007513792124,0.03832133066055949,-0.017035636066336072,-0.0029564557617536629,-0.0029841974016947088,0.01356664513677489,0.01446574601949299,-0.028572144588922047,0.031613424219256676,0.011759818162487366,-0.022476116424607742,-0.0053673864720080429,0.016005361806820013,0.042995940846235432,0.032370855760415623,-0.014362532551727928,0.022981408116599381,-0.01317199887541811,0.0095013464872037573,-0.023137550624165355,0.024385138703340897
0.0030380542702569198,0.028000434370093343,0.02901677796779379,0.014407197994699947,-0.010278461637299152,0.020946046975898032,0.0056710506510788414,0.028928896492784222,0.027027509447652018,-0.010796831410925727,-0.0088013973141892049,0.00068909167834998964,0.013661024011593571,0.014518126020660153,-0.014134483393924304,0.024822286559467957,0.0075626516269359564,-0.009883576419722491,-0.0094456385957161319,0.013829485021856248,0.024541021793750839,0.022642923067358697,-0.0057054018655336792,0.02274190991893146,-0.0045447600082306749,-0.001778590072632391,-0.0096883885286108921,0.023694555490568439
-0.012846893378576014,-0.02938280709785299,-0.034582197540541745,-0.027046550481195142,0.042644919762583763,-0.024039515181765343,-0.022376119245597147,-0.057917544689782254,-0.054916284583677026,0.030994244635746123,-0.003611212467521518,0.011306385432637782,-0.0059800593837058356,-0.010888765925535934,0.053144011898360675,-0.046177146586439607,-0.00720501214335345,0.053340911516300202,0.0019715764662732276,-0.026528163440331876,-0.081913710192837816,-0.050450852819209836,0.03276376947250053,-0.03245329714819685,0.025122140877308571,-0.024868983653979312,0.055156192190797967,-0.029670622833471813
0.01547850343112799,0.023658372747998743,0.020569018535688485,0.024292137504345675,-0.032405209209627882,0.017058122820883575,0.015733760858494251,0.027382798599883532,0.039219207703540662,-0.025116745859390277,0.0017940093562609112,-0.016850128678420971,-0.0066949928164831618,-0.00019874723966227891,-0.042102211094494267,0.035864346307735051,0.00060450683640737737,-0.043154606906666074,0.0012492089296719648,0.022873030510213412,0.057693298375464462,0.033852487284867047,-0.032544965426036299,0.019176508700897796,-0.022840420783675961,0.019029705909540073,-0.050421397896593501,0.012377958049841318
-0.019081587024238376,-0.05028168253322797,-0.037029962573717504,-0.026578206795453956,0.018074331887439288,-0.034065193492297197,-0.010473936231252895,-0.026388969992567315,-0.036617761610010909,0.017713521863440867,0.017093272755545372,0.0085888675247816799,-0.0077046528169681617,-0.0092453041278678268,0.022723016166886094,-0.036959497148879826,0.0011682706039971285,0.022278614472248263,0.015917704576247967,-0.024314365281093764,-0.032224284472036818,-0.03116064831871751,0.016176583787655314,-0.035013315414049555,0.0083037329434570983,0.0050196828943954918,0.031596504444909225,-0.029922139515902203
0.014960542127118653,0.05440254268698428,0.045665709849450065,0.018334381420116307,-0.00044209621430661738,0.02668280577031569,-0.026652850788236628,0.017677432669739007,0.046034078899136036,-0.015890546437814394,-0.02238324492191281,-0.011246253035243485,0.01019268189008941,0.00041131973322246364,-0.018613934893179279,0.026087036292041246,0.00077318005807348346,-0.0040538597502477883,-0.027637444510401021,0.025587737287399756,-0.0072625627856193397,0.015766900543719313,-0.034885966919254954,0.038329740022179884,-0.010269400094493016,-0.016421425783221505,-0.035672262667436956,0.020527671215576929
-0.015177840374797488,-0.028507063489031748,-0.011383212742831985,-0.018278017354552822,0.0077096683165382082,-0.016008319254336767,-0.0076242199853882543,0.0042187710449709771,-0.01181965036476702,0.0096231981772353387,0.010215077961194523,0.011299826787009741,0.0061601894586604446,0.0017422098451409227,0.0077934583213904217,-0.017720527374477664,0.0064002275121497658,0.010043776613472038,0.0051967307796865888,-0.014576381747985588,-0.010076254277171789,-0.0085311161315777088,0.01259417158585621,-0.016466479048976992,0.0026632785495617809,0.0055023327676887394,0.018094075223294176,-0.00450584720247335
0.0046781141793532481,0.013478616334190644,0.021273110102272171,0.010615311798938584,-0.020991523433327039,0.014023817862798537,0.0084982062783497368,0.035045481978255036,0.030321081664987308,-0.014022741279386384,0.0006997261170961003,-0.0030939404949311081,0.0071176389952835291,0.0071368053219875655,-0.028204335331261429,0.023996444753922277,0.0057505762477624107,-0.026901033166081671,-0.0032345796577397312,0.011709999580376402,0.04099755436244798,0.028684297603126439,-0.013155744169401075,0.014311588276995647,-0.014322454384716809,0.013035841867961272,-0.027766330230533334,0.020396237205593561
0.025470308060413473,0.08065356379528861,0.062654885119368869,0.035320099040864639,-0.01097512552283038,0.043839487010129657,-0.019174793234881832,0.026106345313677327,0.06476016940353313,-0.027025197342604931,-0.030410654729297892,-0.018177036647336137,0.0093009339845924448,0.0037384228967099059,-0.032415551838188318,0.047731062813884194,0.00035323962487615466,-0.017448434747454174,-0.032652138806298379,0.040448535476609704,0.011882505786111929,0.031317748833252938,-0.046517048056160415,0.053153534048122619,-0.016650028749942994,-0.017194987067869018,-0.053098929229238916,0.0321311179999424
0.026368911695342584,0.081448855129447453,0.061022767342695204,0.037190752768924223,-0.012534625488456835,0.045490105596230151,-0.013188412150452744,0.026397729853656543,0.061938923464500174,-0.027008760828470896,-0.030633033958201345,-0.017249364913502315,0.0087535382964021319,0.0051177840712446658,-0.031174134435683669,0.048958990090557354,-0.00059323863141995034,-0.01860722471411131,-0.031402527198328645,0.040506101691699763,0.015840522080288084,0.032289678899206822,-0.043002429346894883,0.053549785117209751,-0.014630757277497538,-0.017073654151479902,-0.050420044147343489,0.033859603328127895
0.022462228631405165,0.075248824478115858,0.049676343624702822,0.026211033504473152,0.0061286548395156721,0.04234036887217589,-0.013842777865736016,0.007061948403973858,0.033287231887016239,-0.0095784971053172879,-0.036317068531477883,-0.0053607236807419727,0.013732994143547918,0.008572942191698834,-0.00068251664999428874,0.030135231644513732,-0.0045694820887565686,0.0073420906435661959,-0.034288645967025258,0.027141100916835265,-0.016402051763645172,0.014627595745635316,-0.013770725438481781,0.044509962187767448,0.0032371820885397896,-0.033286497244852407,-0.015993327748443937,0.032408755266284832
0.0021792161137888962,-0.021764919684072351,-0.030300979043972113,-0.0045029369326612069,0.0038489669439510767,-0.015686737177571762,0.0048493164352659294,-0.033541469734366468,-0.026106966947798203,0.0059596110827153529,0.0071761402877947838,-0.0069054596916254939,-0.021808386352601565,-0.016613911099490057,0.0091366484745065632,-0.015272310659089419,-0.0095364673665718647,0.0023550407294031439,0.013671862370340312,-0.0078227816787783851,-0.013345674490881448,-0.018902201769128692,0.001581818628775521,-0.022501010683567659,0.0024907239613317848,0.004543278256391255,0.003408396535320002,-0.025575598172654541
-0.0043786618000670099,-0.044549698059659887,-0.036701778987451986,-0.016975048430366377,-0.0051249898179919788,-0.027089960474477957,0.0069372461327369735,-0.012946481738834944,-0.023792866004811647,0.0061773999608375112,0.0215385313344553,-0.00083521259035440978,-0.016189812665099682,-0.015595368263825862,-0.0010813203403665377,-0.0231165054697865,-0.0063929356372575998,-0.010191421416566468,0.018721214278734081,-0.016583345142881199,0.0049080386889904567,-0.011451945153393851,0.0034803509890211845,-0.028210649475099259,-0.0030868594654720099,0.020316954376635183,-0.0031965215129322899,-0.022364514563263712
-0.015134260765926111,-0.05540697262923,-0.034997199353773038,-0.018311986727666017,-0.013460708371350997,-0.022791732800159933,0.030461123166031574,0.010136528777317253,-0.028546952549012666,0.009594026550442827,0.027130423087778213,0.011899155737877065,-0.0022468215408310466,0.0042685652012318543,0.00089158447361390423,-0.016613428244705016,0.0037202224359372251,-0.013541863793353344,0.026248295899712858,-0.023433656060388521,0.0343891958039058,0.0026133533487267871,0.029865643897075592,-0.031292716106504061,0.0012226274658830511,0.028015980501794418,0.018195708546095764,-0.007743926186406549
-0.0023666961196886589,0.0123629821564938,0.017320447298793781,0.01014445434362782,-0.0091017689989188084,0.0084220891447498447,0.0038587397135232348,0.020417526766449107,0.020762883982040153,-0.010396711603833705,-0.00019937212057340536,-0.0017846688808464545,0.0081519965633234676,0.011150205368717319,-0.01290949266889809,0.017121936180429252,0.0084137856526994292,-0.0085288988590429063,-0.0010627260206829043,0.0097985551893635739,0.023204350191146614,0.01433826055316968,-0.0095911540536017005,0.014679756779615288,-0.0059111083972853027,0.0035085513760000297,-0.0065015289140510852,0.0089164859794768295
-0.0047587666311071216,0.026365760533935703,0.020131391836453967,-0.0036516502032395135,0.032343792498375164,0.0091678401583586179,-0.031434612305890161,-0.014580368413622853,-0.0021253840773000103,0.011380677007247299,-0.022218268569588157,0.0089457014196084074,0.016492100652738761,0.0075452477053126344,0.029762401061333189,-0.0084642587856058864,0.0029872409926439678,0.042561835237903654,-0.022124286506326418,0.00070133057559360003,-0.058841073461713383,-0.019404524403991371,0.0086133132560361064,0.013021956188771739,0.016075364706571053,-0.03516812075848897,0.030560688744699454,0.0058796167314042937
-0.0068932645435361454,-0.013451568732972293,-0.011573083496406934,-0.015312882235985334,0.017635495440046056,-0.0067271857613305864,-0.0041505715102154467,-0.01379186406192792,-0.026302775854188602,0.017792793154107055,-0.0019268566033772839,0.014309848247667296,0.006939348945075436,0.0040617897484659451,0.026995247898054967,-0.020747428339418037,-0.0020436543744034564,0.023046347886730694,-0.0022141445510633962,-0.015593532038739043,-0.028807445157297808,-0.016051637671012611,0.028760104303796958,-0.013302196372453142,0.014172139740734883,-0.012103071314567948,0.033023004047483061,-0.00032587480962852463
-0.016735331499818637,-0.054858479871602153,-0.045097002884274047,-0.036304573877102148,0.028317436635401181,-0.035260726399736313,-0.014946083274912413,-0.038977960356045713,-0.052889998300422701,0.029077863979598398,0.012200909740085001,0.013260688036984006,-0.0074286355201902852,-0.014452734424460561,0.037474284577801407,-0.050297703904924253,-0.0055528620721623711,0.033420945586211052,0.011210028566616403,-0.033528353921849108,-0.055750963628334392,-0.040737145898435953,0.031252993903098256,-0.042709050752128927,0.016178907812262649,-0.0034680020878688411,0.040972914466272797,-0.029182308202182393
-0.021519990122083485,-0.092718334609763808,-0.062668684176126102,-0.040350090465978657,-0.0032456327139482179,-0.049836561922014751,0.010324960514424539,-0.011719588260583575,-0.046580823615207094,0.019135010513291809,0.039378717367248559,0.0088116287542889873,-0.016035910976858792,-0.017854277788703823,0.0053686351581399717,-0.045013902165474809,-0.0013643585214994098,-0.0071609503810786618,0.034224184770403947,-0.039004047065523531,0.0049354715599665777,-0.019580037305205331,0.024286080342551371,-0.058342016737490426,-0.0020447149732946489,0.036378144316581103,0.014135866253683774,-0.03364045997108428
-0.022487705447992692,-0.054526719482120588,-0.03998898494804725,-0.027447030606546234,0.01658532300780223,-0.031970379885287253,0.0037230756272407209,-0.021759946949334252,-0.045781869688598674,0.021756903305687487,0.018738204558443522,0.016498284515494916,-0.002005709279343472,0.00070501204972497715,0.029554385454911149,-0.037023378112919274,0.002937015612619419,0.0236046738185994,0.019474403397223321,-0.029162774102109223,-0.022294737503281002,-0.027897797899551099,0.034163891999932458,-0.037536236204018032,0.014099047420922288,0.0052356440373049467,0.047947400911701313,-0.023228176397891848
0.0066561261510571937,0.027679541011105594,0.017260910708711181,0.011190566097018033,0.0036061914633674893,0.016125293610508244,-0.0022795140906468579,-0.00050464250975117511,0.0091489394752237198,-0.0027147493060534216,-0.014095013709552262,-0.0019821870355953603,0.0049215588765349405,0.0051700464113193356,0.0033007934548717121,0.011890908067929607,-0.00058028488014913449,0.006098297810217884,-0.01081040247589239,0.0097890415362628779,-0.0067319347732444973,0.0036594845086553038,-0.0018442722946427877,0.015793366414033453,0.0034827868743011214,-0.013828186345063075,0.00017216463865022056,0.010037013445067692
-0.025383062223067129,-0.075949002980489233,-0.065845778903229457,-0.045502782373053684,0.041973766488027718,-0.05652101655114674,-0.028295522728822124,-0.06628736069941478,-0.070088610253373193,0.034362575062659939,0.019981418783464627,0.0098170353591477272,-0.018784135506790995,-0.025260021729161537,0.050041045598683054,-0.07009270214782834,-0.0064538200303328429,0.049832049112792959,0.020275276872157692,-0.041041528447253221,-0.083648778073451335,-0.065973566145144796,0.025300610751267598,-0.057455309216123129,0.020040036529502984,-0.0046207157245087491,0.053728377250540138,-0.057553542530422573
0.0024671193503374715,0.017197421291369117,0.017802319731759188,0.005721459986164786,-0.0029397196017822264,0.0080550478647675224,-0.010037067271759199,0.014802532222257581,0.021836108854190486,-0.0086523824180986947,-0.0055913227991615157,-0.0051692675360977781,0.0050985617017458773,-0.0008033273368876166,-0.012213819972161541,0.01032044399862873,0.003366714373659224,-0.0037586024251024175,-0.0087923132410080915,0.0096048851017852595,0.0010770658887816677,0.0084048349891350377,-0.017615940733543337,0.017002481164157746,-0.0048243820629700757,-0.0013068474962763667,-0.017556518641517627,0.0076695310054074699
0.010813414551329328,-0.006908136282865315,-0.015826755249174419,0.0046605513869321206,-0.010674118098530975,-0.0056514313243263802,0.0067424845673685202,-0.015243115430616499,-0.0026786522299849791,-0.0060346000419278676,0.0056900911681444866,-0.014985899043036018,-0.021275577970794431,-0.018299379554824861,-0.012450522832849066,0.00082141468110716646,-0.0098444386580756136,-0.017763398085802067,0.0091008703642071632,0.0030523578166230612,0.0092059273492408177,-0.0011469141720616965,-0.016262023494994185,-0.0080435039243259548,-0.0083718907391359832,0.011798887632033364,-0.026198323315131024,-0.01535770889178162
0.0103951958387043,0.040143181108637002,0.031047320715629659,0.017754012775481973,-0.001958411367505897,0.022456369681329594,-0.010813283634217581,0.0094891901572502664,0.029961685221033173,-0.012041620163194081,-0.017290046076299123,-0.0090685561808038582,0.0043318615560433817,0.0018738912757643724,-0.012708881277099713,0.023765003609380289,0.0017420505757747308,-0.0033052836690194379,-0.015816624616005449,0.019769838941429533,-0.00029002440605272378,0.012630515693930387,-0.021175599023059259,0.024459885138539101,-0.00638093461654807,-0.010858921543835935,-0.021079153187614198,0.014422003079960492
-0.020407183033809961,-0.018597907566737126,0.0016956659064070753,-0.010905884480439507,0.002426976692916936,-0.0081298474832879226,0.0031368408956484297,0.023197130471431768,-0.0019913058368958248,0.0044232745191918723,0.0097957553590020847,0.015554722670669879,0.018611271730633629,0.018127005162939188,0.0056887980174915873,-0.0060508630038355795,0.014732478175323869,0.0094179927598838347,0.0050872266170158683,-0.010035240368859159,0.0090695836450926191,0.0023165691790391599,0.016770207113271981,-0.0016539048406525507,0.0054939708466383869,0.0049839365194212035,0.027395087538888741,0.0062304823807010122
0.017208526246001086,0.055956225932662682,0.046424225290267115,0.024991860181154586,-0.012316106761312725,0.034566408390747323,-0.0058746431199852046,0.028440567151447025,0.046479820779761649,-0.018791604356440866,-0.020721809949955462,-0.0088420775564873617,0.010790899786620888,0.0076975261659729139,-0.025126996224875228,0.037248668364041872,0.0019583633437767591,-0.017017930383793421,-0.022548613551904458,0.027359142085208087,0.019903151489678837,0.029432602214355546,-0.025522779924109885,0.037455376098774848,-0.011774151927458005,-0.0090088172037703952,-0.035688624016652348,0.030994112106669729
0.049209959376645594,0.1287695975797738,0.098542382804463841,0.062659248982819576,-0.036963769425838629,0.075303021743966289,-0.0098722867005379272,0.057854282288687622,0.10870227802517857,-0.049589434683255752,-0.04297117175009222,-0.03026086168659144,0.011442271526126183,0.0066085300624187243,-0.067425416204692848,0.086501775385419782,-0.00334500993890281,-0.053117589195456658,-0.047712387502424007,0.067797554652959072,0.055041447971287197,0.067557132865566083,-0.074516184339933428,0.087143684879692151,-0.032806938940436951,-0.013763034818334073,-0.10263432073795713,0.061658604630388983
-0.016455597549994878,-0.069741937265736853,-0.057283700896037439,-0.025638627902733298,0.0018070998937079607,-0.044011943733341316,0.011622570807293503,-0.02625921297605838,-0.045246973997603135,0.013353074990071493,0.032141691359879307,0.0039816281907628084,-0.019764627533288514,-0.014269605159701246,0.012933041198074969,-0.038494248962046451,-0.0037619204236643802,0.0016150032315764345,0.031741939576860986,-0.027713552553713282,-0.0022588701537072146,-0.026898539876905121,0.015094230546587513,-0.043306460690574144,0.0043346131373134577,0.023358923824864489,0.021585848877365737,-0.039397722794159727
-0.003180765293285581,-0.014011279214385695,-0.0033203567920140468,-0.0089263954113099481,-0.0040197841027372599,-0.0037422652507096482,0.00055087442769530194,0.012588920690800746,-0.00072282696398479225,0.003155196354127204,0.0052003916298593925,0.0048200914524846108,0.0033693494035125838,-0.0011443134094880794,-0.0046396446097556245,-0.0043810439343753048,0.0012867444436022171,-0.0063271509961320988,0.0011079796442182784,-0.006734038587934657,0.0069752111887086072,0.0051147426391952872,0.0059953965375651435,-0.007352547890505514,-0.0027960153831339861,0.0083623721355823542,-0.0036707248485638882,0.0056963634915489589
-0.01685421732546823,-0.059458153460121323,-0.042318706349692641,-0.030702574717093818,0.008415984168193405,-0.034501744343519491,0.00043678196848932657,-0.014752601876553723,-0.038466961677331851,0.018190067933423364,0.022189292988319519,0.0098735800008841277,-0.0067690672462665698,-0.010680920696036803,0.016456536082178806,-0.03799303846345483,-0.0014634797065979743,0.0099034664758856535,0.018620824120294963,-0.029189578634890325,-0.016341087926502979,-0.022551988647536696,0.022346878289226706,-0.036542656641840511,0.0070064903298457572,0.014352806698203513,0.023014401953038402,-0.023720071046998605
0.001415993664142839,0.015534508590564105,0.0082777148181176589,-0.0051980716271205658,0.02501563769322963,0.0046715878023652841,-0.026685859644912917,-0.021926051397163009,-0.0067336074882926684,0.01113734917879312,-0.016926192825655301,0.0038625235339252253,0.0044546894415256715,-0.0029437770194116505,0.021930961065409111,-0.01017133953046428,-0.0032260728572871614,0.028956706123635833,-0.016196495045493184,-0.0012172288689802383,-0.050194207607005437,-0.01789752436100487,0.0054669498489168305,0.00012405756259206997,0.0088193455686651333,-0.025271381144303214,0.015785637325577175,6.9788577403368882e-05
-0.0066388504184806208,-0.026879617274692173,-0.014015787628074681,-0.008654835083124186,-0.012721965859852783,-0.011392471929712367,0.015922207805239983,0.016523606037603118,-0.0062507970371551893,0.00064949777748548752,0.016482996852319798,0.0055393564178330941,0.0010790363918186485,0.0025302481132465442,-0.0075669852439135561,-0.0058059888684845627,0.0025150677369459085,-0.014620923813758293,0.012222331802456051,-0.0096978423352814466,0.027655149134256291,0.0075147201864281549,0.0087612018327277909,-0.0097161783625492257,-0.0025264562771382506,0.018822707460638546,-0.00025592232092510226,4.3960163075943502e-05
-0.0063311748840793698,-0.012816371537439291,0.0072477666788744177,0.00075593784209488681,-0.025051028191371647,0.00095594736290168382,0.017996385752604059,0.042904217324559936,0.020144789596508419,-0.010557347979797805,0.014566679364529328,0.0035230806286449552,0.0089414333420981141,0.010636868245865898,-0.027770573420898018,0.014835720466060133,0.010804759308263398,-0.029475573225362647,0.0084669904201765903,0.0010960187795885446,0.05388385056721836,0.028314598016042865,-0.0025608654338550576,0.0024401480862997157,-0.013236761725406658,0.025693341585161237,-0.016795389414175764,0.015593847052949436
-0.024651380498297133,-0.081052431842767517,-0.067013651904821545,-0.040684470082862134,0.024621237012063445,-0.0499009161639185,-0.00099076022703524459,-0.047429210953349316,-0.069706834227784648,0.031297368342028981,0.025863517445252303,0.013609410482874945,-0.016292094988634723,-0.015838759253216303,0.039935972239969864,-0.058374555410418923,-0.0040969714051004797,0.030873957643790209,0.028523067404129309,-0.041872780056864421,-0.044895296697133297,-0.047209156812152327,0.03833706559654345,-0.059591803860750234,0.017294806842479846,0.0088417316074945098,0.052190357125853182,-0.044731400221952579
-0.019468203704381411,-0.04911276324614218,-0.046266129198362003,-0.026303435867728431,0.023560649050852707,-0.027614470017006752,0.014994709897386497,-0.035717273076564686,-0.064520025915659487,0.029794109399401546,0.013078071548398795,0.022445012654292707,-0.00075334276696654816,0.0062046693976007582,0.048550529245150804,-0.042081470292425226,-0.0023886509751004379,0.035091479658086622,0.018654325424804899,-0.033374920388249178,-0.031986633038035922,-0.034746288070528125,0.054671676652060901,-0.037848789925390855,0.027030409612961815,-0.0063420150728672881,0.069576059606010238,-0.021018139138613372
-0.0027268086303388656,-0.0074352635569374641,-0.0027939561077328094,-0.0007704408390307308,-0.0044191807283639681,-0.0042191300946118468,0.0033748661254969178,0.0057773773737815337,0.00096755898698087917,-0.0016770622784055978,0.0059032490081764814,0.0012117651683960719,-0.00027607705244257752,0.0016916819701704765,-0.0041387896103652682,5.7705328374006457e-05,0.0019512254406245468,-0.0053643118892025537,0.0042814438628287392,-0.0007902964530821534,0.010953533750024315,0.0022767528574553627,-0.0012635927911885999,-0.0024433192837819027,-0.0025358427256645007,0.0063496274457857643,-0.00063842230822066615,-0.0012738328799649029
-0.014697296410648188,-0.020265203915985564,-0.025062378520839378,-0.026558716845667452,0.048630833967725808,-0.022603752517900002,-0.035457262510480633,-0.055856540603394206,-0.045998659843185276,0.028907885719454043,-0.0080733448618229252,0.0098862061492102533,-0.0015999767836903025,-0.011023628107350187,0.053487463717317184,-0.045725972685636024,-0.0044532824047369638,0.061162720630773479,-0.0045690352880041795,-0.022757609194553056,-0.094905999090058729,-0.053399082350045951,0.02351594023872439,-0.023265076849805229,0.025746817320720927,-0.031187795992660302,0.053663630526421514,-0.029545083573096174
-0.015374359784580276,-0.049094756627380311,-0.032222119205007574,-0.017278505512578521,-0.0064252345191636142,-0.022120334251035066,0.022720041171092796,0.0034315662694951276,-0.02869029479249809,0.010389698166320481,0.022652572639669227,0.01122346522061092,-0.0021341971205689173,0.003352452097733404,0.0063939378318308461,-0.018210357323381554,0.0035199515039517418,-0.0046654234579796925,0.022605660467026067,-0.021517078256954435,0.020405935752401318,-0.0038319687221669042,0.026868781849473503,-0.028246555879202384,0.0041085295159444995,0.020695179231997807,0.022565540035279441,-0.010351629162252121
0.025584620094575176,0.075445043091880729,0.055911660196234614,0.04322773474191835,-0.02542747574795675,0.046357665188604222,0.0093057829294829111,0.03443683596740639,0.059642352651624507,-0.030807700292724491,-0.023216187487994096,-0.016669157899846094,0.0073079170428280715,0.012623712747507175,-0.036877370552339146,0.05693794639743309,0.0014443969089599443,-0.031472814389167957,-0.020902569697834016,0.040920418858544097,0.046485659421480488,0.042165155360328284,-0.03633023927396891,0.052012621870308189,-0.015909098457298376,-0.0065744103199049516,-0.048144550818510871,0.035499309723361142
-0.008336396588771975,-0.052620526830694264,-0.045913678256139297,-0.021209448244825308,-1.4849883391388948e-05,-0.02684820909796605,0.019771086466036147,-0.01852568846294287,-0.044076098430378852,0.0164833020950413,0.020601285323097161,0.0082643212686355372,-0.012597840234255357,-0.008593799462854091,0.015914225672536239,-0.029799008522444055,-0.0069417314206737394,0.00010341455157644418,0.022301600210253011,-0.025836365679597909,0.0010097500883440534,-0.016245579372491055,0.029205905741925758,-0.036255594070413628,0.0083206139170983184,0.01568218338275271,0.02188661403933775,-0.019786572716378893
0.013980851285277131,0.019259022961976617,0.019313100143893078,0.020844788636470008,-0.032090376279854671,0.015321739945951172,0.013779424319490204,0.030131994134617163,0.038755618128308154,-0.023838854537377146,0.0027937991920978433,-0.01584428108634826,-0.0059551341292408246,-0.0019054192033876283,-0.042760219820590036,0.033374944599453601,0.0010891507430378111,-0.043112869009267613,0.0011258610372800908,0.020587219843580695,0.055868468591576882,0.033727809507644278,-0.031720818438402382,0.017020987496163455,-0.023066458872604612,0.020818450931448219,-0.05142340991611126,0.013023004989397093
0.0023681527307492208,-0.0051738966458725177,-0.004528208022221163,-0.0016151435534804697,-0.0028206959686202905,3.1423751359689317e-05,0.0038114799228733736,-0.0023506683228132646,-0.0036910533218102778,0.0017810566340559217,0.00092838176265585312,-0.0013275435791505362,-0.0029193674834048998,-0.0028405884168495174,-0.0012096602923882111,-0.00046719805622800044,-0.0026806950383120266,-0.0048123384887308529,0.001955784964315969,-0.0025703832378303052,0.0037373362880788736,0.0016999263124332575,0.003869758643664021,-0.0057690858521611361,-0.0018634886940530756,0.0030608106406818242,-0.0039142324688848434,-0.00023803020739594568
-0.0028340946792401343,-0.0018414694591453418,-0.0019462763286460848,-0.0060352370845322091,0.011103036838408298,-0.0024269699908481129,-0.0094654374048898302,-0.0093316154749621665,-0.007783884685341691,0.006671174851378775,-0.0038151917341675912,0.0029539463874243056,0.0020787612771374048,-0.0014380972433539266,0.011429047214550849,-0.0087248576458473798,-0.00065408611064233884,0.013725044282580298,-0.0035754642291900185,-0.0046535341540496038,-0.021679690129525673,-0.0099408595098915368,0.0060209523395559445,-0.0034566422013868549,0.0054427687084044546,-0.0082754947178715274,0.011002391920358671,-0.0028576226419562566
-0.0082279409855149713,-0.031668684699510202,-0.033352714221845638,-0.017108491397678855,0.013004076546806168,-0.018585845903087702,0.009457661243635198,-0.025001592701156622,-0.041791002760018257,0.017980747806924203,0.0083960244950999179,0.010118996375034106,-0.005014467548043515,-0.0032444683609867474,0.028519779073061441,-0.028847933863507185,-0.0058153277853855781,0.018747906365713926,0.01157547662823529,-0.021183893140111321,-0.022409494201041404,-0.0231203188573278,0.029999596391897764,-0.022579814213669006,0.017125455179330541,-0.0024068473701817734,0.034771659217816824,-0.015907666053675541
0.020811229528272589,0.057290164794421297,0.042783126329852157,0.027527105807254905,-0.013113172530857647,0.029391639213182125,-0.012365185830377727,0.01967447617102153,0.050652416104062126,-0.024202934562493849,-0.018897318131923364,-0.01894037025714403,0.0021734390211764982,-0.0022457134809985707,-0.030392788206810052,0.035738167287004463,-0.0015928234853724301,-0.0196656100188028,-0.021134663535102783,0.031413410176453029,0.014554697031487358,0.023974715965435153,-0.043222310075218998,0.041660224403399643,-0.014962238472532436,-0.0074313759566697864,-0.049842528166869494,0.018676677203361063
