0.33009165767088977,-0.15916523443953848,0.06146987591508217,-0.040869723500136089,-0.18624128078905614,-0.031881947497800038,0.050549651726666138,-0.21553545750502376,-0.21620736529785595,-0.093476576469968473,-0.026216151059842579,0.024820529263243851,0.039563648279839568,0.010923673631237009,0.00038747937811265174,0.019903929519853435,-0.15800716602286333,-0.097425930942103764,0.033077857686384896,-0.046710098120687486,0.018604038298601116,-0.017938797200636594,0.16897689722247419,-0.0041562796831789922,-0.033839481051146335,0.032902805746145729,-0.025165812078641908,-0.10085791673592921,-0.060667579663058843,-0.029274347078575277,0.12892633231145911,0.026841579144540523,0.082447972063749458,-0.12114129296784377,0.078497788025739881,-0.026050760189370935,-0.063128782484083878,-0.072411616271826434,-0.010489668065727743,-0.099731076133224725,-0.010575820324257952,0.12377368843858302,-0.096944279609472828,-0.011870342778086245,0.037552616055306832,0.051581108457561926,-0.13845586248392636,-0.044143002399941629,-0.13845068845672376,-0.098466522399231302,-0.056043416718453684,0.034146827678686459,-0.050233775763568314,0.063941145023212409,-0.075127765413066303,-0.048715260253054886,-0.0030256911317966379,0.064709706340505893,0.11546235081949363,0.053411357176727604,0.021531358690602284,0.016455211722650947,-0.14204422844978973,0.015654827978395906,-0.062208057778764807,-0.017519667041462315,-0.11326897054770926,0.013614938705015284,-0.17281477689669691,-0.1541386968982616,0.14730210665784066,0.083118378792098005,-0.13191833212760617,0.038997613527922803,-0.042891973719756178,0.035218424624937801,-0.024593275373933542,-0.15114848683602711,-0.058946796418793336,-0.082348766183545113,0.18583983189474307,0.13054762195980749,-0.042859678318581208,0.024599391825432453,-0.16596611469015918,-0.12594521694088326,-0.011076940606050694,-0.092364493256013896,0.038545878856481863,-0.052276332768000866,0.081697179741309897,-0.025664089042927281,0.031045855813703577,0.14911255393442263,0.0056981134992133298,0.038447303467386944
0,0.16683358737678997,-0.064248112865381096,0.01770358130128729,0.057012811107591092,0.039503751216870088,-0.058509610323823777,0.048301971124396346,0.10817976893263166,0.037327054632574332,0.0019633149290075756,-0.082188759823766278,-0.020418595597490829,0.063784043082230013,-0.021139140713484439,-0.017358933283089312,0.033473229373265558,0.043936799229542044,0.10465397621105195,0.051426015687676227,0.065401600280121416,0.0027438398316488792,-0.022231602546283837,0.005860226563797798,0.048294082188365423,-0.080540391015228419,0.040739477946315689,0.065607457672230779,-0.028102180955485726,-0.0048586455471853317,-0.058883728110472516,-0.086786857369416784,0.010683308178434669,0.022551437431913485,-0.023750306917382585,0.035797778069715555,0.030971109313733251,0.089820625627728343,0.10401570590612888,-0.037537615283281887,-0.10586995448294985,-0.14616388448026696,0.11609340540341351,-0.014160600239175702,-0.054939346267191769,-0.070416279450844763,0.082350933760411596,-0.0076425904701205236,-0.071767292481720507,0.017358875407463701,0.028327970727939758,-0.02500339645879688,-0.046147692949259009,0.036375523739272969,-0.009365366437993225,0.032903148181230496,-0.012239252021263573,-0.027323678905916943,-0.053963495668034538,-0.01435013000089656,0.013589327012847048,-0.019309399420631649,0.12875542035413781,0.030841868853357275,0.044443329520885137,0.0191880790360539,0.011973741816973018,-0.034153092459843479,-0.021553408101575477,0.074084913417141893,-0.018120589968225007,-0.0085873129301811766,0.0028679035599572162,-0.076357796386583632,0.035291471130523888,-0.028079850262932051,0.04315481765488087,0.078445917486061972,0.043240484275143883,0.07258507268639966,-0.027657362032390106,0.00031102556855399754,0.03261212441763757,-0.045013755871537012,0.11354881787240727,0.035595269709880951,-0.045896318185569225,0.044961262580783909,-0.012891578079058951,0.022305137873183341,-0.13430641708132704,-0.020733674439007341,-0.012042086537400413,0.023585108939971445,-0.055371103803844843,0.017286559169838039
0,0,-0.071976434115953489,0.0060640893877791204,0.018225897083696905,-0.0070872046126375229,0.0060316466109590515,0.030820845501288267,0.034216693770065774,-0.014503814404738294,0.016422021785144212,-0.014621917294109674,-0.018194803948351646,0.018733588407615957,-0.016704446605714546,-0.013409218071227491,0.043549153430055436,0.010471866270632006,-0.007753262187933819,-0.0044683640113131785,-0.030436371891110977,0.0067985358942133072,-0.010725424588678503,0.0053731555714685575,0.013082306004193155,0.026169612886990944,-0.0087543376739286881,0.014749827733112449,0.033100786003846097,-0.0033723792482590496,-0.015002446673147598,-0.0020090583014611861,-0.036902821652057501,0.039778902957037045,-0.00065548393623293818,0.0003099264046897571,-0.025666116818179388,0.016666999585611571,-0.01125396997430172,-0.011621101727210179,0.012440963656691624,-0.011260190501676719,0.019006074860913831,-0.020446955446073386,-0.01883286368898765,-0.0070710440873354794,0.023700627731605861,0.017239155099798783,0.0055936521017194022,0.03383186201689637,-0.042247580769061523,0.0094325417137544002,0.024509720741786842,-0.0051684931750518625,0.031187368027478922,0.0082419176303771356,0.03154802857504195,0.00093242570646152585,-0.0016047009621126442,-0.018651578009342699,0.0097460557940206201,-0.0028956820842499747,0.017603331516737531,-0.020950473387247173,0.011957696488983439,0.045898443572639391,0.025181699958818221,-0.0021480607706443368,0.026652138858935349,0.036747312652992831,-0.044195651234650503,0.021905221828894227,0.03052911761672435,-0.0098234221636973838,0.012784256205419483,0.013729679045618497,0.0080795887976891981,-0.02399585971797525,-0.0062369477927519644,0.014581127693026942,-0.040808787313544675,-0.053031121356932616,0.051893039566664002,-0.049322738723807637,0.023601060960438458,0.052155790514825613,0.037143344140447156,0.026602420681562079,0.01141214949371093,0.031370452662612361,-0.0090103800952939933,-0.011460714323751895,0.013074234676656821,-0.051093468807478566,-7.334640993818832e-05,0.015738389427439707
0,0,0,0.024932067126020963,-0.0067765730750507175,-0.017673003700374071,-0.016150208517847937,0.00022303218982809079,-0.0027966706594206268,0.01452846556744454,-0.0019517411436289916,0.00143869864668004,-0.0078305669280012338,0.0013779065720852994,-0.012229971746308311,-0.016812934218320356,0.0048692325605603944,0.018216136665557606,0.001894257488153096,-0.012248566235429612,-0.007961220424512,-0.00030756219373174191,-0.0066136611666103937,-0.010421678700666731,0.012459123683946225,0.0046642475789657606,0.0099738328934995887,0.0070490553897298918,-0.012158959004041948,0.016628358562366864,0.0013164459895917879,0.0052562281867274858,0.010058488337376695,-0.017560722371889499,-0.0013068489715775487,0.011204514567613601,-0.0045547373145684456,0.0039999378447102022,0.0066604411996280836,0.0063694066196373043,-0.0079306549665979498,-0.00011196933953442076,-0.006906058140703269,0.0043209523066098836,0.020169299616742017,-0.00068533278236784291,-0.0053225784675995603,-0.011956785006384365,-0.0074402372933224763,-0.0082591548191937019,0.0073100969842563755,-0.0040958783058153364,-0.0010197899874893608,-0.0032903137456057403,-0.011291036585932895,-0.012005790235522116,-0.0096603543094133208,-0.0095584554324513824,0.0080951991426909866,0.0019670943853300235,-0.0011475757225277575,-0.011439268691211766,0.0081684641534275869,0.0053398547093051014,-0.0099944934636374081,-0.0034621810964816689,-0.016853284529713367,0.0087300037560187355,0.0022187643503167602,0.0081690711855444322,0.021754538508941341,-0.0098003397509828817,-0.0047015462877131424,-0.005589546827233307,0.0045508890230215645,-0.018875088699039783,-0.017366185249048666,0.0040430023519030913,-0.013213301592569306,0.00052591561411576026,0.0050404654796172002,-0.0024219585000963642,-0.0038142856724143631,0.0094072141836692574,0.0010777791306773336,-0.00026204255031438356,0.0067641863394997687,-0.0076423201815930646,0.0042193006005796395,-0.0097593486423557252,-0.00036625161994587486,0.01718825467212631,-0.0027947185610441416,-0.0059305886800752397,-0.017838207566641135,0.0019428476271200403
0,0,0,0,0.012427708466391477,0.00022455279727396488,0.00391869375066524,0.0038254065519999791,0.0075582448988006212,0.0030761790802853618,-0.0042247962244278663,-0.0021773951873450808,0.0029507486631018091,-0.0051663742737204929,-0.0025989622362788374,0.0064610136800112121,-0.0058830692127467025,0.0084737403185953103,0.0092703243091500822,-0.0021518232472315575,0.0054887176812606726,-0.0034272718530705525,-0.0020680073138421664,-0.0033826006760928722,-0.0003951847527820751,-0.0091426595173948553,-0.0040530654732217697,-0.0026115413989322819,-0.005744747897550603,0.0075675382122958176,-0.0081153232192209546,-0.0013587307490310044,0.0051821454979309629,-0.0076155395874949496,-0.00326303445919494,0.010692421435166636,0.0058497696038026263,0.003221748391258173,0.0041017675024433388,-0.0017612312080744455,-0.0071194887722703841,-0.0090297728758373403,0.004716808379674556,-0.0016670246516001842,0.00019914676795065235,-0.0022577858835496787,0.0074842077179696894,-0.0036213656701988232,-0.0064821731420157489,0.002020609599856562,0.0046180202895812353,-0.0084340049393258378,-0.008117356904720166,0.00208857295413315,-0.0049367685007325962,-0.0015726342000932712,-0.0051340958027526551,-0.0053903364802288471,0.00052058815768072655,0.0051435568654716584,-0.0091921612616263863,-0.0085060017439213247,0.0034826614232635446,0.0036485643547056988,-0.0026712445801847771,-0.0023257185775442763,0.0022437016669399341,-0.0024220655325778969,-0.0039860453455403087,0.0007341824801108056,0.0050849248399828057,-0.0092320273085515388,-0.003947692473881965,-0.0063398199296102672,0.0059185536951234059,-0.0041846666191371973,0.0060004750609862559,0.010637585259343253,0.0036836165379931286,-0.0043402641507719192,0.002443779430301149,-0.0062824397800027784,-0.0012147813726424692,0.0057193242475782093,0.0035323346801408389,-0.00052860426600991495,-0.0084536888508599476,-0.001302843311643649,-0.0020721626695556932,-0.0081508077645257894,-0.0011457469798392091,0.0090784102443988105,-0.0083761947824557894,0.0066052045691973593,0.0014219539168387576,-0.0038077646229569663
0,0,0,0,0,0.0062544904153774396,0.00067869740174885708,0.00061313919871691582,0.0019293311167321184,-0.0025565113676423428,-0.00019045270429249059,0.00024212942768821403,0.0011679891873631672,0.00034280162036716839,-0.00038516486936322086,-0.00078646580741699467,-0.0025226465398989462,-0.0035263637758602049,-0.0019816316236961431,0.0024826315314984649,0.00023975681776264074,-0.0012714283359665567,-0.0019098830369429943,0.00019642059581372295,-4.6201492082651699e-05,-0.0036139111351396582,0.00035949144474938915,-0.002532820107731404,-0.0011081229359699125,-0.0037156063518267615,0.0039387607196187252,6.8130055556693726e-05,-0.0035616144225992337,0.0013469906610872368,0.00074740335227840415,-0.00015463927693645517,-0.00011056596924568577,-0.0023932454414342672,0.00035275710970995129,-0.0022759790746632604,0.0012261688945261545,-0.0056800309096128303,-0.00087215134048368296,-0.00092340995342537471,0.00035048796933464052,0.0010768793132464468,0.00088693416664947702,-0.0006217753083953368,-0.0025507834704361415,-0.00073038763156239189,-0.00031223134366416711,-0.0020359351344706625,-0.0040711254735171388,0.00073857074522590857,-0.0003023557894038527,0.0027466517567196593,1.5150898201516963e-05,-0.00025894922540144725,-3.8033307322356955e-05,-0.001644979759966414,-0.0045163601068801936,-0.00069632945097763922,-0.00049092170964126888,0.0023786853102528687,0.0012643615884427579,0.0016413650393876827,0.0015610163067971698,0.0021346996431098257,-0.00085118244897638062,-0.003139762849878487,0.0009675738176617623,-0.00098604211821137441,0.0013697068219327112,0.0022641262377264401,0.0018327150304901594,-0.0016990882782453715,0.0031897402018961881,0.00086417869557408602,0.0013578841622715484,-0.0020809621342692355,0.0036779160185812336,-0.00080761702820007645,-0.00030293641691327584,0.0017503441626908808,5.6499289868000028e-05,-0.0013299301181391291,-0.00098784980567516185,-0.00050479563338053925,0.00075706254730386149,0.00022204795647710312,0.0019844280268162457,-0.0017557793950500032,-0.0021487377853253976,0.00089811479901853589,0.0052174016632535632,-0.00062146170716235788
0,0,0,0,0,0,-0.0027083231860801434,-0.00074893673004638919,0.00061499336955755089,0.0016195364875668998,0.00093894596099284796,-0.00019782685346630345,-0.0016024458011183898,0.00032678841227571818,-0.00095075729894068676,0.0011246984438354742,-0.0028336805342161816,0.00022531970962612569,0.00080616128759602198,0.00081341467956514628,0.0013208996644788512,-0.0011680032794169613,-0.00051221970026815603,-0.0016860562241082615,0.0011673913734551653,-0.003090649494809436,-0.0015135336539913366,-0.0021831622300798282,-0.0032291769026270927,0.0014071814341064905,0.0015727836578706682,-0.00069836492012492063,0.00089299921045513488,-0.0020930506761689389,0.00055884812972940943,0.0010771139591578913,-0.00028876988298284317,0.00084882044206192333,0.0024827494580582409,-0.00041696996696401797,-0.001135681654714209,-0.0021983710186835904,-0.0014572665465721381,-0.00012561074502535013,0.0025400664275433368,0.00024673244084036432,0.00045695646269697509,-0.0015653624850754725,-0.0027570980599435496,-0.002279807695664441,0.00081407341805348464,-0.0020100755288940202,-0.0028734987686970144,0.00069743575338693589,-0.00057789404486653358,-5.130462316823914e-05,-0.00068560129872699874,-0.001385206070948226,0.00034189945443652888,0.0013156759073596532,-0.00077837353579699863,-0.0022181643008562231,0.00078679768092978076,0.00012622483075247024,-0.00086719798282382666,-0.0020468707226891547,0.00037493748210657194,0.0014294458205734726,-0.0011380337823604127,-0.00038005380921847206,0.0026849128397091497,-0.0017617258076431997,-0.00017630738443119963,-0.00010642668857520409,0.0011232227618878418,-0.0019619662713346096,-0.002235187221615558,0.0021026896811829009,0.00084115542355066883,-0.0017088810333599942,0.0027390142891726959,-0.0012473888329501326,0.00057732116789924539,0.003311637159984223,-0.00032682916543252662,-0.00084880489072588963,-0.0010200960923813884,-0.0011148751723464778,0.00061821464837034197,-0.0016523892350519816,0.00036471386325190113,0.00028882589322856732,-0.00099995795954682058,0.00035969079757264694,0.00095962614408444998,0.00055537729757576938
0,0,0,0,0,0,0,-0.0010530250659753042,-0.00040337156115178208,0.00022245475906205363,6.941293120043594e-05,-0.00011920595757702517,-0.00065688532597058934,0.00013868265339138247,-4.1316144583727459e-05,-0.0001327499588742326,-0.00017160439240197962,-0.00020700481003825853,0.00067720199722141438,0.00047667580966648297,-0.00038663388219290076,-0.00049587112579286608,0.00032194326355036414,-1.2581991572153684e-05,-0.0002458282119955547,3.3975693296673915e-05,0.00060431009425002298,0.00027761071514463147,-0.00053956020198969495,-0.0004052617917670474,0.00060744766798779713,-0.00052047514509212718,-0.00025707790803917253,3.1209667083360026e-05,0.00019862974976833089,0.00010067702928111264,0.00026891142587151209,0.00027475128083429137,-2.7504403924550914e-05,1.9934667364018193e-05,0.00020073103193235379,3.1834449410000154e-05,0.00029147753150585289,0.00025625361790333534,0.00010914507748822603,0.00042928049403633423,-0.0001628360271333696,-0.0003077152710801289,0.00079499202217183469,-0.00081025512757387091,0.00039869536013404554,-0.00079280893756436066,-0.0002601635668160122,0.00054371979547689043,-0.00059657728969066343,0.00065089278516255468,-0.00034424692919599422,-0.0004507475264828818,-0.00011161681695093847,-0.00034342582939002943,-0.00054713000726175267,-0.00037889660979274097,-0.00022164998801267062,-0.00017503003236519791,-0.0004345775065087694,0.00017847122245893683,0.00044368252423086855,0.00025597529820087803,-0.00066430499317094664,-0.00026869647956360412,-0.00060420393881065171,-0.00014958852687602743,0.00036748560879022084,0.000308257937572788,0.00063875538003918151,-0.00078432636031703284,0.00030622294732568321,-0.00025944451620194659,-0.0002097491178450883,-0.00014303030790352965,7.1399742718142412e-05,0.00066878230292750809,-0.00020590687993792575,-7.3829332965608374e-05,6.7891653852268665e-05,-3.135764882597683e-05,-0.00083782004586735188,-6.4963334496520007e-06,0.00033681231562899448,-0.00082908357467417163,-0.00044164794030859876,-0.00036717593234024821,-0.00032991210185520577,0.0003363911738405746,-3.7540179979459026e-05,0.00034106435165050491
0,0,0,0,0,0,0,0,-0.00054656080062357869,0.00018507155242202626,0.00024371546301313438,-4.4122770098148759e-05,0.00014922747207649805,-5.4692726690187636e-05,-0.00022667553677225755,0.000361655424493385,-0.00024497256669544321,-0.0001257357155136807,0.00013946490366868993,-3.5496271406588081e-05,-4.3957455651283461e-05,-0.00025973376171304138,-2.6024085941407691e-05,0.00018826939642970668,-1.0271468764006872e-05,-0.00020901357478605613,4.7916466268111001e-05,-4.8939931158523314e-05,-0.00016255022021880651,6.4522730197055146e-06,6.8546808365607217e-05,2.979696448424584e-05,-0.00010564315169856154,-0.00060664528685760316,-2.0690866351774727e-05,-0.0002356378820442207,0.00028745514495596904,1.4081081554756488e-05,0.00011759224922759056,-1.2398751954435095e-05,-0.00036067478817427114,-0.00032522696269099226,-0.00026166419911416607,0.00019412115688936712,-0.00010232658598390298,0.00020907811781867736,1.161155362048249e-05,-0.00036554151745263547,-0.00029261611042082189,-0.00038418613790996818,0.00024435689822253069,-3.3661082127798372e-05,-0.00049393369156623766,0.0001611313010582512,-0.00037865091791333796,1.2656495742614781e-05,-0.00022963315435313376,0.00023032728375852282,0.00016468919479737678,-9.3987058087543322e-07,1.835842530490694e-05,0.00019638644297813722,1.093336412062189e-05,-7.4489937586167123e-05,-6.4498027641996187e-05,-0.00038629860501444586,0.00034612508993801062,-5.2419815881442011e-05,-0.00042836440910270655,-0.00039579177433793692,0.00014073368035083793,-0.00022251447361884035,-0.00023888074117783841,-5.5713576588432625e-05,0.0001218500919374525,-0.0002852303434251686,3.7172331403063699e-05,-6.2547014290789021e-05,-0.00012501762266057647,-0.00021640034364918013,0.00028667664524203193,-5.9766100931947658e-05,-0.0001898942618069909,7.1763134792791143e-05,-0.00022922378847152385,1.1753499251042896e-05,-0.00021976928631444657,-0.00023916134676787236,0.00020872922865998269,-0.00035462505657904295,-4.196259382373756e-05,-0.00013968279069648108,-0.00038699389066755991,0.0003150141791525253,1.5856303483822201e-05,0.00024315629153273975
0,0,0,0,0,0,0,0,0,-0.00029721191897661754,-8.3494592017923817e-05,3.6331646624013606e-05,-0.00011701258858620055,0.00020809313025147368,0.00017092644755486988,-0.00012666497587138887,0.00010037591938831034,-4.2792899875742037e-05,3.1911590470427571e-05,2.0279646005381984e-05,2.1055924333104284e-05,9.8250069927465771e-05,0.00012033729859161806,-6.840899003325793e-05,-6.5180909407859655e-05,0.00017604548704455147,1.0084941898381498e-05,8.8030528867437307e-05,-5.3515224189031324e-05,6.732666491346451e-05,-0.00023181397805757553,-2.1827355903865372e-05,6.753786158215233e-05,0.00016985399804682051,-2.0575881687914388e-05,7.7425526432746406e-05,-0.00012290727098405131,3.0150573490907989e-06,-5.1070253915706126e-05,1.9150467898112316e-05,0.00010935398761821669,-2.0973515601791813e-05,8.7809038565097905e-05,3.1098268422138099e-05,-7.5147000470499051e-05,-0.00019925552734889699,1.088396778021973e-05,0.00018897402026748903,-5.59654694544903e-05,0.00014873616148380762,-0.00019347701085944312,0.00018712331896502386,0.00016975378050956361,-6.9657669808373466e-05,0.00020231795997569354,2.8772341347333088e-05,-5.7719105692984212e-05,0.00010090604148881711,2.1121277041001637e-05,5.4667247004887278e-05,0.00012184932710339831,0.00014532022802446519,-1.1651613100795758e-05,8.5526263406327397e-05,0.00013673494047103989,6.1986926311204349e-05,-7.6797199714181814e-05,-8.534245422031457e-05,0.00010623209310138459,3.0354147695948487e-05,-0.00013042445166855095,0.00016821973952315086,-9.9936201147615342e-05,-0.00011322537229983071,-0.00016251842975506224,0.00028111080877155119,8.4547058250065309e-05,-9.2134488586830793e-06,-3.2006758176850218e-05,0.00020919722895750676,-0.00022289891949119116,0.00010806741294784017,0.00013881715029639627,-0.00012129406477146072,5.0253675631409341e-05,0.00020415763830280574,6.5514004844433025e-05,-0.00010254785336729048,-4.2271562870130228e-05,3.5982295751871847e-05,5.0688074510825295e-06,-1.658530677413499e-05,7.4170145983010744e-05,-0.00010804784608067098,-0.00020482137220265037,-6.6389332159428818e-05
0,0,0,0,0,0,0,0,0,0,0.00013571808091199103,-3.1012820875063114e-05,4.0135755162488803e-05,3.8337671783443492e-05,3.1351000316918955e-05,7.9306279402993962e-05,8.3955882717330008e-05,3.5242274883714626e-05,8.1415447949775681e-05,-5.9890708823837737e-05,-6.1325035706033833e-05,-3.3004731042933143e-05,4.3545788231707675e-06,5.1817766304542142e-05,-4.2792033572690227e-05,8.3272707738884233e-05,5.8613743081544331e-05,7.0083713270853052e-05,2.2326086864561936e-05,-2.1490068572354032e-05,-3.0802803542107738e-05,1.8045310079873312e-05,1.1264528148932042e-05,-0.00011250981393943989,5.5741928676022764e-06,3.3746872018108999e-05,3.28680586362355e-05,-2.135456017392226e-06,3.179828693998876e-05,3.4758422757583079e-05,-7.1795547476752477e-05,6.2759058273550536e-05,3.0041739636236405e-05,9.3659281200487678e-06,-4.0146905818237609e-05,-5.60458342370793e-06,-3.091820330232365e-05,-1.1462930906423217e-05,5.5630533081123102e-05,-8.6187283159734477e-05,8.5752874898675834e-05,5.0244553467592739e-06,3.109253058864639e-05,-3.407791856806267e-05,-4.3898957570598036e-05,-3.7926232802355033e-05,4.0371020638106089e-05,0.00010246946730079855,2.5464244955767105e-05,2.5452156525073098e-05,0.00015232964724095773,0.00010325259347845316,3.5900615824886364e-05,-2.4757766672732194e-05,5.2980559279580267e-05,-1.3323961856990592e-05,8.9193705507255248e-05,-2.0755605732048586e-05,-3.0306184236936705e-05,1.6329746627422457e-05,-5.6190686949201505e-05,3.2627430006245568e-05,-6.2620292318661525e-05,-2.770950804179753e-05,-4.0399882149414508e-05,-1.1640177876781903e-05,-9.9273167968315129e-06,-7.773666049182874e-05,-2.382968604523128e-05,3.4445041212999477e-05,-4.4259230192089929e-05,-1.5776028946930884e-05,5.3719472447783361e-06,-7.7470675375500983e-05,3.0095186178890921e-07,5.6610960740890593e-05,-2.8136096320922904e-06,3.7119534377913537e-05,1.0346203701404997e-07,4.9891430401269445e-06,-8.2170930019631789e-05,-2.8746619581920351e-05,-1.5773270852470114e-05,1.1095147363030051e-05,-3.7449077942835319e-05,9.8143365291231954e-05
0,0,0,0,0,0,0,0,0,0,0,-4.7787273200760397e-05,-2.5064306557212452e-05,3.4126510883514677e-05,-3.3388365950283201e-06,-7.1737722143643485e-07,-6.1953278144273911e-05,1.8667239143572721e-05,7.6297873686845586e-06,-9.9529745501223764e-06,5.981940875363383e-05,-3.3249925678838133e-05,-1.7825153907849227e-05,-5.3448838179278121e-05,4.0074824946363907e-06,-2.7507098240323041e-05,-4.866594092729657e-05,-3.1112882592730891e-05,-5.1423424422523614e-05,2.10628595712558e-05,1.5463441035402369e-05,5.5119124343316893e-06,1.2599441811604224e-05,-3.6020380922836579e-05,5.5161913975691153e-06,3.4168780635629694e-05,-2.9926680113823645e-06,4.7348669044430251e-05,5.9405644373388636e-05,-1.6567207778828986e-05,-3.1557943975983179e-05,-8.3016569545463044e-05,-5.3028004484767295e-05,9.8266065815594281e-06,2.8532298165884188e-05,-5.5740678197453881e-06,2.273567267853665e-05,-2.1412286722810842e-05,-9.1608895390440551e-05,-3.1383891716460032e-05,2.9930485629863442e-06,-4.2969042374333387e-05,-7.2406553636082262e-05,2.1393104513920034e-05,-5.3116528603299307e-05,-2.3367336519161927e-05,-1.8448205745212341e-05,-4.3551605034303877e-05,1.2096780805156835e-05,1.0163517106687981e-05,-4.6576602091016004e-05,-2.9291863037969345e-05,1.4673245524212535e-05,1.1077514316859e-05,9.2562554938454007e-06,-4.9803240436864643e-05,-2.1971832534600324e-05,1.8516622723010127e-05,-6.0038875223131664e-05,-2.6628683459313917e-05,8.8519669422339905e-05,-5.4820717562918481e-05,-3.3514141286872113e-05,-9.6770620526430759e-06,1.2080334606167772e-05,-2.7211219797908624e-05,-1.0165729036963113e-05,3.5244290544879947e-05,-2.3175370845563592e-05,-3.8692915557818207e-05,5.5797182042729166e-05,-3.6280615554013474e-05,2.7913636420335718e-05,4.0774819316758176e-05,-1.1151105288242226e-05,-1.4570152936395299e-05,-2.1546845414049347e-05,-2.5078016451556127e-05,2.5089140912073286e-05,-3.71086241938731e-05,1.6706000669152629e-05,2.3823702999741924e-05,-2.4794756502065018e-05,3.9362263615053208e-05,5.5995410248218965e-06,4.0735544750264549e-06
0,0,0,0,0,0,0,0,0,0,0,0,3.3553185385913959e-05,-1.4841651351779208e-05,-6.3266880249223211e-06,-2.4647617843025296e-06,3.8421912727856392e-05,1.3109943311648477e-05,1.7809004039073426e-05,-1.427953366727223e-05,-8.2785176787506249e-06,4.0696364256558181e-06,5.704744424633468e-06,1.2858251245768195e-05,-2.0867626069435127e-05,2.2422624334359646e-05,2.0749361726637031e-05,2.7408284441183846e-05,3.8706351697286567e-05,-2.185005016732384e-05,-1.3317482089970374e-05,1.8779172648841547e-05,1.658689382733091e-05,-1.8872115718826335e-05,-6.6712812323857639e-06,4.8241593501820414e-06,5.730332131078845e-06,-5.0153090231171932e-06,-6.8573081065597303e-06,1.6057140740875675e-05,-1.3304364566127485e-05,3.535331722877569e-05,1.3350752085671965e-05,3.9851860493474056e-06,-9.9126959893552246e-07,-2.0469544753776642e-06,-4.5104185594324299e-06,-4.7430601614525961e-06,2.6104767251648678e-05,-1.1988276866762376e-06,2.3131105700335477e-05,-6.6320084427936268e-06,1.3880434195916823e-05,-1.2974718679302992e-05,-1.2368049793948928e-05,-1.4385538451604148e-05,1.3478813626037968e-05,9.0134589736334031e-06,-6.3419636184949266e-07,-1.1697522742315853e-05,2.4824057103909361e-05,1.0868231461147937e-05,7.4915919257446925e-06,-9.5515793738106196e-06,-1.1131594523073059e-05,7.7574901257210388e-06,-1.3323689934113288e-05,-1.6500253588487226e-05,4.1226057301051358e-06,1.7492632088663736e-05,1.4757423272324858e-06,7.674526678194829e-06,-5.0773511542180046e-06,4.1501968007603007e-07,-1.7741421525616907e-06,-1.3856695059915074e-05,4.6461316123425996e-06,-5.5326809322360023e-06,-1.2027190254776796e-05,5.6143260649604247e-06,-1.1169306395702419e-05,1.8949780910864837e-05,-2.2138882521490311e-05,-1.1761184841537927e-05,7.6233911664163261e-06,3.363456902215699e-07,8.1785940116570421e-06,1.878959438805297e-05,-2.4623690929938647e-05,3.6133115907219013e-06,-2.8115919674436843e-05,1.7993644554046979e-05,-8.961227916893208e-06,1.9334749326893196e-06,-1.3583140120957052e-05,1.7352885886906278e-05
0,0,0,0,0,0,0,0,0,0,0,0,0,-1.4332815906080262e-05,7.5541619900396443e-07,6.2174221024476729e-06,-3.4982254661182692e-06,-6.3740749819696057e-06,-2.1503378737725078e-05,2.2016075482261096e-06,3.2161100429570699e-06,-7.6547613322673076e-07,-1.1313009147401174e-05,-1.9939405397598346e-06,5.9020740677183448e-06,-1.1942341203688554e-05,-1.1355774488480297e-05,-1.8894990570278058e-05,-9.2332300399757572e-07,6.1128263823606941e-06,9.8940371310714046e-06,8.190527114425289e-06,-5.4354437437950476e-06,1.1663260036890363e-06,4.2025281126204291e-06,-1.9276351013658451e-06,-2.2283765631474497e-06,-8.057331886542316e-06,-1.5512510058888837e-06,-7.525695353409076e-08,-8.9087008098246897e-07,2.5102204969491059e-06,-2.2685290536439528e-06,-5.683139465297612e-06,4.7649329472068565e-06,5.2381942838297177e-06,-1.7633251753884437e-06,-7.5086643061344897e-07,-7.0259990210100567e-06,2.1433881112310476e-06,-8.5550724068304232e-06,-1.0689895022783017e-06,-5.4826533161972245e-06,3.8853252097692871e-07,2.4173880536233791e-06,-2.1942899669365314e-06,3.6651073312827505e-06,-2.2199282204840488e-06,5.9946998405800802e-06,2.7856667580568789e-06,-7.3525726933144742e-06,-3.2775194924150198e-06,-8.4908384503719402e-06,3.445331796819499e-07,-1.8623200842151247e-06,-1.0037984088197789e-05,-2.2341820051404757e-06,1.0883657307939768e-05,2.5370175367550587e-07,-2.8824450524204969e-06,6.1656154856888462e-06,-5.3386212411777298e-06,-3.2983623768394477e-06,3.9769881404511001e-06,1.9663765283646971e-06,2.2848297149246518e-06,-8.6068238328688758e-06,1.4619656692809818e-06,2.1223316155727709e-06,-8.7669266705439055e-06,1.2356372841587475e-05,-1.6132783225449524e-05,5.5435462836098501e-08,1.1570932220769743e-05,-5.7965106843091261e-06,-1.4582155136204993e-05,2.2631593373621066e-06,-6.6575271477175594e-06,4.8658297762900246e-06,1.4529054611319369e-06,1.2069095242292954e-05,-3.0498492375250878e-06,1.6602464551689471e-06,-1.0632168713751051e-06,1.3305372803070817e-05,-1.2331683978570944e-06
0,0,0,0,0,0,0,0,0,0,0,0,0,0,6.3922881939657527e-06,1.393546410987574e-06,1.8124710278680246e-06,1.7820662964848205e-06,-2.6186438055303808e-07,-3.805717541215607e-06,7.3721680891287133e-07,2.5093729719186347e-06,1.4642973236656267e-06,-3.1473507737558897e-07,1.5292485825874616e-07,4.3250775427603251e-06,3.4621157879516047e-06,3.6009970483472443e-06,4.8887119057642725e-06,1.8477252961070694e-06,-3.4226796687525026e-06,1.3026637048159789e-06,4.5710163495649751e-06,-1.6061096132229882e-06,-1.5319140946797422e-06,1.944809996963626e-06,4.5514371014272907e-07,3.9932520922482557e-07,1.1469375228822262e-06,2.7686613145630943e-06,-3.1292719003530429e-06,4.7191360387977457e-06,2.4025476707648108e-06,8.2399712242348927e-07,-2.2754375984607741e-06,-3.9054676512893047e-06,-2.0827296712504072e-06,-7.4687427773525305e-07,1.5937632179329115e-06,-5.5067327890529577e-06,-4.0889626110966933e-07,3.2988788328231972e-06,3.6970428179023058e-06,-1.5680468769211181e-06,-1.675440562051952e-06,-3.0041665861972127e-06,2.8231408535998862e-07,-1.5523467177625103e-07,2.7623955416559226e-07,2.682830442281262e-06,8.0052866878130533e-06,4.4528645082064979e-06,1.8040909067538873e-06,4.8029456464942139e-07,2.867167962025136e-07,-2.9063431132676421e-06,-2.3560910432682028e-06,-1.569921465458161e-06,3.0884907849824085e-06,1.4442976548688172e-06,2.3183344727851098e-06,2.8433278894693175e-06,-1.9522273255998023e-06,-8.548680860452355e-07,-2.4846497593884308e-06,2.5025855435701643e-06,-2.7230569368702148e-06,-1.854362286388395e-07,7.7636742406964102e-07,3.6260272411644677e-06,-2.711179344746087e-06,2.2554639433350104e-06,-3.0893238772762534e-06,-2.3146667483280776e-06,7.7653068590369037e-07,-1.252741767054343e-06,1.4868887646536522e-06,-5.3602749809016617e-07,-2.6388344658118968e-06,1.0620739513547177e-06,-3.8597563553090256e-06,9.4370493289970639e-07,5.7862006505528053e-06,1.2738873546061737e-06,-7.7039815709430671e-06,1.7817181517471217e-06
0,0,0,0,0,0,0,0,0,0,0,0,0,0,0,-2.7416650809240777e-06,1.753165653905138e-06,-3.3201483981324432e-07,2.7400740974242229e-07,2.6496176574154977e-07,-2.0379093673391859e-07,2.693480319284449e-07,7.0535244968418148e-07,1.4338768576558106e-06,-4.9137163038366259e-07,1.8809577056318977e-06,8.8944731542525682e-07,1.782405654440187e-06,2.583551738055311e-06,-2.7403732862933003e-06,7.0278631101010952e-07,4.0460261057412919e-08,3.6536666539750957e-07,-1.4687202451963154e-06,4.9798547708221151e-07,-1.8003291325232321e-07,1.1471292315267283e-06,4.8067539492222576e-07,-2.550272233457208e-07,1.3519924682014551e-06,7.1458715547843618e-07,2.1565205310792057e-06,-4.4673281997026458e-07,-3.1222728255869205e-07,-1.0469886628236907e-06,2.1829330953502719e-07,-1.2390165278659167e-06,-6.0778229616606502e-07,2.4019848852435124e-06,-8.9133423658801254e-07,1.4191007851604222e-06,-9.5835275130660054e-07,1.0444711040472879e-06,-1.0529020770452296e-06,-2.2263892644072213e-06,-1.936196439074474e-07,-1.3744493286013182e-07,-9.5043892964526717e-07,-2.2427650877967198e-08,-1.278862804342827e-06,-9.9938473591421443e-07,8.0465848916837086e-07,1.0517173273662887e-06,2.1482721216130945e-07,3.8802608247236649e-07,7.178971980626683e-07,-9.2536884148856777e-07,-3.2177478605305855e-08,-9.1770671681289628e-07,5.2274507858033523e-07,-6.4999492017802154e-08,1.9223896555046012e-07,-2.211274083287033e-07,3.4551554890094075e-07,6.0632558120175061e-07,-1.2831290674144675e-06,2.3947741887896781e-07,-8.870773055030626e-07,-1.1246195839224623e-06,1.2142653475303052e-06,-4.6656879412877087e-07,6.5099412659266098e-07,-1.5168987014858868e-06,-1.3805496759888377e-06,-1.1338337506976622e-06,-9.4355853175992861e-07,1.7650834912420037e-06,8.9088068741505424e-07,-9.5732515123833262e-07,-2.4138220582309464e-07,-1.9929085870205138e-06,-5.3244428141938252e-07,1.3832640954653328e-06,2.4136914616756405e-08,1.9436811111452792e-07,1.063100104253053e-06
0,0,0,0,0,0,0,0,0,0,0,0,0,0,0,0,1.9628245205874314e-06,2.1343338936622408e-07,5.1192732833125982e-07,-7.7764185414789593e-09,-1.3815944458143717e-06,3.2554925089803733e-07,6.7908304037091253e-07,4.8972275353605952e-07,-1.7927958172400646e-07,8.3786925189857152e-07,1.1472942785767877e-06,1.6346369646787244e-06,4.0308191445415004e-07,3.0199626069691713e-07,-1.2635460417608832e-06,-2.4625410123872107e-07,-5.7936202293712623e-07,7.7699835554716645e-07,-1.6024197379917905e-07,4.9148668260848474e-08,8.8707005079497013e-08,-6.7668793958828005e-07,-9.3646201941640471e-07,-2.3143705107839309e-07,3.9648624803219712e-07,9.453982267549105e-07,1.244425831934186e-06,8.4385689055537926e-07,-5.1627683954740995e-07,-5.9228017473285249e-07,-4.4018580701936625e-07,2.8711964888516408e-07,1.4547738855083005e-06,6.7147268408038444e-07,2.6561472177180232e-07,4.6370868042645821e-07,1.6844165841076724e-06,2.1770586487696086e-07,6.6777479792130814e-07,1.554908170227647e-07,-1.0122843828054361e-07,1.2420376033794638e-06,-5.2854581612584598e-07,-4.5495960164735787e-07,7.0491397650929444e-07,2.245058822898213e-07,-4.1856419165982757e-07,-3.9216263505623893e-07,3.3790967560812177e-07,8.8150577601081739e-07,9.9095840544742028e-07,-9.0574365184815719e-07,2.7413586542696302e-07,6.1908915947235352e-07,-2.340800100527979e-06,8.2499513462091175e-07,-1.2722588811225701e-07,1.157640980834249e-07,1.2405433001817837e-08,3.6942985798483049e-07,3.9258637862479145e-07,-6.6462909790389527e-07,-3.808189646867742e-07,9.8222274369376944e-07,-1.9408155562682035e-06,8.915039969726285e-07,-1.0957594786491281e-07,-1.3528651748334547e-06,3.682777485418042e-07,1.3986964698960307e-06,-7.973902012028031e-08,-5.0845672457425321e-11,-3.8773534127643533e-07,-1.4284582244650214e-07,-7.7587097906771385e-07,6.1795088417635351e-07,-3.0793091897323114e-07,-1.6809746279487431e-07,-1.1151602016387955e-06,1.7030314891022986e-07
0,0,0,0,0,0,0,0,0,0,0,0,0,0,0,0,0,-6.6206284892716448e-07,-3.3994211306984974e-08,2.187255319897987e-07,6.3120088885262615e-08,4.0937248097570874e-08,-2.4014953096555909e-07,1.5090826811988389e-07,3.7462930328703637e-10,2.3586688490933472e-07,1.6009238936623871e-07,-2.0419063734113838e-07,-1.7161500575404881e-08,-4.0966229567425458e-07,4.5672979790886576e-07,-7.0816416732186798e-08,-9.2633497672974118e-08,4.6366057405037032e-07,-1.9196868389000995e-07,-2.663100053251818e-07,-3.0625421501778051e-07,-1.1907266896926992e-08,-2.3626209797541427e-07,1.1839309715314114e-07,-3.5093650746592301e-08,4.6858276395130847e-07,-3.7146763967456371e-08,-2.190374915090449e-07,9.7032552349367122e-09,2.3074837847080843e-07,-9.5243001471044119e-08,-1.2029422331160152e-07,2.2663232801975856e-07,-1.4493696918176977e-07,-1.9576701948769844e-08,2.1905554821796924e-07,-1.1828011544992608e-07,-2.3478347730697586e-07,2.3974313733490772e-07,7.408788434221052e-08,6.0383475301179939e-07,-6.8095829497374989e-09,1.1159931264380309e-07,2.5882099319128152e-07,3.789137046376268e-07,1.7836176176057862e-07,-9.0807149847579639e-08,-9.2027741606876828e-08,-1.9775100047532864e-07,2.6006890100838869e-08,-1.1532188136894762e-07,-5.3491119533777129e-08,5.284666497413489e-07,2.0222267004882354e-08,-2.3803058799772671e-07,3.6269952505090764e-07,4.1810596220545694e-07,1.9585066838711029e-07,-2.3884108952592214e-07,-3.6292989947963023e-08,-1.8453611194539588e-07,-3.2190964788635914e-07,1.7738105266578107e-07,-9.3211582969456863e-08,9.0577776827531483e-08,-2.5879469698338412e-07,-9.9783828261744417e-08,1.4590572731864524e-07,2.5908114827411982e-07,-2.5797844565557619e-07,1.2341505379211216e-07,2.6103071933105189e-07,4.2298379540772195e-08,7.0695482559503418e-07,1.140781696983457e-07,-3.382442703815016e-07,4.0503501081288533e-07,-4.6826572377152403e-07,5.5434900595558618e-07,6.6919513313006017e-08
0,0,0,0,0,0,0,0,0,0,0,0,0,0,0,0,0,0,5.5897715603733668e-07,1.0404838478894158e-08,-2.7987992455065483e-07,-1.2964913281380543e-07,1.8145113789463389e-07,1.2362490644242945e-07,-1.6171514027952005e-07,-4.632735638618917e-08,9.2052990465614488e-08,2.3181627185795188e-07,-3.1195614675899308e-07,1.211510848423071e-07,-2.099182818468336e-07,-2.2569356722349351e-07,-1.7493753782777039e-08,-2.0139174770244555e-09,-1.338704441920924e-07,1.969149356501599e-07,-1.8407708958688521e-08,-6.576632463306572e-08,-1.9531638651497644e-07,-1.6399537644442553e-07,1.030213435653967e-07,-3.5486617243970833e-08,2.1979518373278437e-07,1.9015035813396747e-07,-4.0425084431959347e-08,-1.3140977242381347e-07,4.4120978150918621e-08,-7.8397337498029488e-08,1.3590208237532094e-07,1.3403555224973915e-07,1.3234300676859482e-07,-1.3267859570194719e-07,1.3083707653067716e-07,9.8406284062799101e-08,2.0080903736832416e-07,2.0447883559569257e-07,-4.5539411624902968e-08,1.8166875955476151e-07,-1.0789328035990247e-07,4.4804990695583833e-08,2.0109693096914549e-08,-1.2115262125710759e-07,-3.8999853628058441e-08,1.6957563000005537e-08,9.2123566354690877e-08,2.5656471215577699e-07,3.3328508522324236e-07,-3.1822263305211076e-07,-1.2233171011909263e-08,-2.905892433034522e-08,-5.3690757256842914e-07,-8.0151528249914739e-09,-1.6202546982441299e-08,-2.401361082836864e-08,1.7129247589504778e-07,-1.4209166278316215e-08,3.0939600459111784e-07,1.1261049283005776e-07,6.335632404711888e-08,1.4600921428457536e-07,-3.8750069409293616e-07,2.9352704141697338e-07,2.3809849380780949e-08,-1.3677779957321895e-07,1.0462861363454326e-07,4.2566471954183949e-07,-3.2539272627953508e-07,5.2600649890056946e-08,-3.1456858253343719e-08,-1.8726807413921718e-07,-1.1142030765000573e-07,2.2425210598720086e-07,-2.349781085700146e-07,-3.3440405992475764e-09,-6.7981360319852655e-09,-8.9449761693884219e-08
0,0,0,0,0,0,0,0,0,0,0,0,0,0,0,0,0,0,0,-9.6538318771158213e-08,6.1664746968952602e-08,5.6630084235618545e-09,-4.5302927265814158e-08,-4.087797997109787e-08,-2.062087209707821e-08,9.3883891017058592e-08,4.0940511888955541e-08,8.7821697832355355e-09,-1.5539885213708112e-08,1.9460904400675217e-09,-6.1672501626621138e-09,-4.8883029081193277e-08,-1.3999527936662271e-08,7.9661126940249553e-08,9.1310011629333729e-09,-1.445488916288048e-09,-4.2620111968061196e-08,4.4113742522010448e-08,2.0744041494241194e-08,7.8242802117629945e-08,2.2101593754671208e-08,3.2717566424767802e-08,-3.7673857546256055e-08,1.9844966270218197e-08,-2.4655447027717511e-09,-6.992835930582189e-09,1.1867159529150999e-08,-3.8795741444638953e-08,-1.6974163446485048e-09,-6.0939930569053594e-08,3.8830200966148969e-08,5.681442665932881e-08,1.4067084397789547e-08,2.629842363123859e-09,2.6375399941097013e-08,-5.574269188169721e-08,3.2343121536143344e-08,-6.2667073095766622e-09,8.6315459970166821e-09,2.29000905229802e-08,8.4414840799104482e-08,3.4794358139072945e-08,-8.3641173029574164e-10,-5.5822907708063027e-08,-6.7234478426587886e-08,6.7168336985431809e-09,-7.3323266740561104e-08,-6.86065015279448e-08,5.1446401263384354e-08,2.012484368787081e-08,1.1215935890273779e-08,-4.3063275163064945e-08,9.8441745231910584e-08,3.2490745509071992e-09,-1.1226772851142641e-07,1.7058101216547588e-08,-1.2923154460253871e-08,-5.9922275226295073e-08,-3.0331344887589261e-08,-4.7205993847423284e-08,9.3277789391655973e-09,-1.8473869638491068e-08,1.658928146680186e-08,1.189416210012973e-09,6.5604948781141706e-08,2.4160893766899921e-08,8.5675165712504634e-09,1.1147501879980687e-07,3.5882027573721026e-09,7.1452459907798648e-08,1.1519351171489581e-08,-2.3333938815625802e-08,2.6158645048512206e-08,-4.4334957176730959e-09,-1.9400710449932099e-08,2.7681858405198437e-08
0,0,0,0,0,0,0,0,0,0,0,0,0,0,0,0,0,0,0,0,7.7301821414807121e-08,2.6764955539090887e-08,-1.5210439426443018e-08,2.4668677817208815e-08,2.0007359162592279e-08,-3.9978671876894559e-09,-1.0633088414045691e-08,-3.6849270109756062e-08,1.8107806098010378e-08,-4.343647936159637e-08,9.989668027384976e-09,3.1687162345105194e-08,3.3989868487801245e-08,-7.337616432956262e-08,1.430386206058801e-08,-1.8717152638326911e-09,3.8133782692989298e-08,-1.0114858011410252e-09,2.9984744495631785e-08,1.8883633689839019e-08,-5.4087969841003305e-08,-3.0843261691746242e-09,-1.5653040470076208e-08,-3.8158294328645552e-08,-1.9335181312307489e-08,2.1704273855856666e-08,-5.2135902817621247e-09,-4.8606427173409928e-09,-1.333629030319105e-08,-2.0754151427261187e-08,3.0862707203290249e-08,-9.2294823711961014e-09,-3.2832350363180872e-08,-4.515794435208538e-08,-7.0220333559565959e-08,-4.6363709937490898e-08,-1.4312981749661617e-08,-1.6340936427818461e-08,-2.7874989161162339e-09,3.0781691393245741e-08,3.8877810170305242e-09,2.5533130008403612e-08,2.7335173703103195e-08,1.8149915470900542e-08,2.9319634607339156e-08,-5.0457420839236685e-08,-1.8881529595097432e-08,2.8555966047605846e-08,-4.2506191203577177e-08,6.738205877016469e-09,7.7107106518180814e-08,-5.3549701683767134e-09,-2.1323189486071246e-08,-1.6157362653182602e-08,-6.0969279962945106e-09,-1.0925677400540036e-08,-3.2444011649306946e-08,-4.0421831357831608e-08,-5.2779582789323841e-09,-7.6903606804360954e-09,5.096058805554579e-08,-4.6989351781752139e-08,-4.6276714074537721e-08,1.4058666361913158e-08,-3.9732833856908854e-08,-6.2963522533784897e-08,2.9643565236636065e-08,7.7252871973800099e-09,-4.1464851786485096e-08,8.8733126969292341e-09,-3.4028111563002892e-08,-3.5285631786967201e-08,2.4029470747187027e-08,3.9313684011871732e-08,1.0881295723862885e-08,2.0713813255916618e-08
0,0,0,0,0,0,0,0,0,0,0,0,0,0,0,0,0,0,0,0,0,-1.7823641694526206e-08,-5.595086258678669e-09,-1.7555773450843787e-09,-2.3623861110279655e-09,-3.7946106908453103e-09,-2.090643651723416e-08,4.7784723542400987e-09,-1.3359939300246434e-08,1.883474684389046e-08,-9.2483654276106008e-09,-3.2511641170921482e-09,-2.193446867388315e-08,1.9006533595621868e-08,-4.4458396301700446e-09,-4.0237821881395206e-09,9.2987191613391755e-09,3.5709240050552001e-09,-3.17884052516098e-09,-3.508186404877342e-09,5.8975963873319172e-09,-1.2505403370764739e-08,-1.5473852522337815e-08,1.6468482784609614e-08,-4.405143257342777e-09,-3.4999465267138089e-09,2.4021716043360769e-09,-5.2454335470360614e-09,-8.9278956152604851e-09,7.3135926784077837e-09,-9.6060953945387244e-09,6.0515814561716342e-09,2.8753845295283141e-09,8.6309149049793963e-09,7.1433363722128571e-09,-3.498067999283204e-09,-9.7970324441353734e-09,3.4624156503789649e-09,8.6789817012430277e-09,-6.21725766445326e-10,-4.2503818742317847e-09,-7.2332811920435216e-10,-1.0219517319945015e-08,-1.489237745076479e-09,8.8600717070684892e-09,-6.5058629266069061e-09,1.8902543829007835e-08,-1.3795631292041603e-08,-1.2099103293177266e-09,-1.3977310312124077e-08,-7.546919958959643e-09,4.0430524270569028e-09,-7.9276728002433597e-09,-1.3016406083842692e-08,7.4543093053334632e-09,6.199143729936693e-09,5.3616719576133914e-10,4.0553351252266999e-09,-8.6882809223525791e-09,1.8755538906681187e-09,-7.5697574318145043e-09,-3.1226267560106457e-09,9.689053344449793e-09,1.0161899799425144e-08,-1.0194503876187538e-08,2.2307079306320348e-09,-2.634224360546187e-09,-1.4437135138170854e-08,8.2627284731750824e-09,-1.0660386761263177e-08,4.1772991350739206e-09,1.1816264902143528e-08,-3.5188402316926202e-09,1.0809021238322796e-08,-6.0803626840252609e-09,-1.0113825383974498e-08
0,0,0,0,0,0,0,0,0,0,0,0,0,0,0,0,0,0,0,0,0,0,-1.0564012845183299e-08,3.6648712631625695e-10,7.6550422933967247e-09,-3.6712096224564586e-09,-1.4390108325539451e-09,-8.1823786918939543e-09,-3.7131061208002248e-09,-2.2131616512353963e-09,5.9815416570487184e-09,3.1468326408933035e-09,-5.5676638954297711e-09,6.3266643479899655e-10,1.3726669478753951e-09,5.1154680351504281e-09,-1.7550233419476501e-09,-1.3487777169939309e-09,2.0352637788361264e-09,-4.2209820819558229e-09,2.4463413320955492e-09,-5.031802392871632e-10,-6.8532259696509239e-09,-5.945153661639752e-09,7.1623850743607703e-09,-1.0873405751070958e-09,-5.8668096157965914e-09,1.7001273769816187e-09,-4.1051532527371434e-09,4.5961688380336598e-10,-4.6277012562610069e-10,1.5185623233096001e-09,-2.4897376312013096e-09,-1.8635764366173737e-09,3.1233781013980096e-10,2.0666846171186769e-09,2.6721475158734158e-09,-2.5745409695688351e-09,5.0000532661324809e-09,3.0732198103936561e-09,1.2236662561102606e-09,-5.0772731708690794e-09,2.482213744396522e-09,5.8607418799958652e-09,6.6154309871098676e-09,3.4142173296047563e-09,1.3318603915190401e-09,5.5378329188144069e-09,5.4735137012688996e-09,1.630442505823081e-11,5.1261041379278829e-09,5.5501102587138147e-09,3.2149289101935504e-09,-2.5688223226109747e-09,-1.1621888367318988e-09,-1.7218845388908561e-09,-6.4878968486542137e-09,-7.6781114372498903e-09,-4.6399607515144622e-09,-4.7419045631603465e-09,5.234174388067234e-09,-8.8702404646182839e-09,5.2602389217767153e-10,3.7550601307899765e-09,-2.0716062726928916e-09,-4.0372963442515441e-09,9.6576583549304454e-10,-5.3725961533386356e-09,-8.2450614709650371e-10,1.3908124379161285e-09,2.3542761138903989e-09,-4.0440960928241318e-09,-6.2675128917054784e-10,-2.6777230322713319e-09,3.074959196805168e-09,-1.2989371094473435e-09
0,0,0,0,0,0,0,0,0,0,0,0,0,0,0,0,0,0,0,0,0,0,0,-4.8350691941446065e-09,-2.7273855039514615e-09,-1.7876283965415222e-10,1.8495214938946939e-09,3.4324229527738287e-09,-1.4317010532310562e-10,-2.5701371995050572e-09,-3.6038472776791973e-10,-1.3228024710794215e-09,4.5205696253180585e-09,5.7551951003134173e-09,-5.9248482226273361e-10,-1.2530819322781333e-09,-3.6731993499048137e-09,1.2579269104170034e-09,6.9729114537255926e-10,2.9648699008819361e-09,-2.5104882216931887e-09,1.066727202670399e-09,1.6480613394063362e-09,1.4865928556669583e-10,1.4310239816725545e-09,-8.7942285766838379e-10,3.5961037108740398e-09,-9.3546465253700557e-10,-1.5340202233078669e-09,-9.4645060705789837e-11,-1.2690001899134937e-09,-5.0850225223668259e-11,-3.1391079431381333e-09,1.1400704625280176e-09,5.0350257302549763e-09,1.2775400846779945e-09,4.5736416589714752e-09,-2.758854007687838e-09,2.1927290516395227e-09,1.0284295539351136e-09,2.3370806619291167e-09,8.8564765726857388e-10,-1.3530563552711131e-09,-1.2489490712750378e-09,-6.6682222643268743e-09,-1.3748830390080676e-09,-6.8790767337544925e-09,1.9196723148274629e-09,3.3794934522614238e-09,1.3149336942676366e-09,2.7157950701177221e-09,5.295463861901419e-10,4.0822571816262919e-09,2.6768138021804682e-10,-3.4864714988684718e-09,9.8675109935796357e-10,1.4198225912463454e-09,3.8430041146827385e-09,9.7595886124092798e-10,-2.2480419648478203e-09,2.6094698754918909e-09,2.6684302235445556e-09,7.9978882905325771e-10,3.4856285272806061e-09,6.1132257187081676e-09,-7.9278961051382508e-10,-3.8516018689653671e-09,4.4412073359665589e-09,2.9646079605703925e-09,3.005948884051246e-09,1.8765676865417114e-09,1.9399255753317141e-09,-1.2583317644804688e-09,-3.6877475170982226e-09,1.1894081721409999e-09,1.3661571101091681e-09
