-0.24414877607453445,-0.1213155596321939,-0.17269394747284086,-0.048882780983748861,0.14683662453500088,0.092090499544279961,0.078578186469449349,0.041600193892195589,0.039988477171679963,0.098136737855384307,-0.081113577411934534,0.043583937572417512,-0.11527683785115868,-0.097480072841960391,0.052955786537575586,0.0788778599950095,0.19930397697812782,0.0082139831209961638,0.064825607182908404,0.079827657044540437,-0.11904741368871341,0.010562078835068813,0.030363246298652079,-0.10788058812797782,0.093303977011588698,-0.15763870763521898,-0.37356405864334458,-0.075105089774115355,-0.17009558311964834,-0.070113853599845538,-0.25050170706286717,-0.011579935449811462,-0.001330717268320522,-0.22689019495680668,-0.071987357636884408,0.067353174629569898,0.072500715172972671,0.056460728849283444,0.0043712561606165622,0.17371851687545017,0.015699318032151775,-0.017933867428835359,-0.10931857761410278,-0.122703295170644,0.078249297038578913,-0.11518521033068042,-0.20652308995741828,-0.065883786270184055,0.16807445366370227,-0.096030293227090127,0.016586731746060956,-0.079543251545845031,-0.17391898913633369,-0.034942812156674052,0.015403985089998948,0.038665625692844943,-0.1567460751879069,-0.099099893180464665,-0.19302929726405851,-0.1846882097691121,-0.20433849603518225,-0.080672878331157466,-0.097930057490253741,0.12889593437750388
0.0076176811288816782,-0.24608945917072864,-0.19890846915125721,0.012941551741106304,-0.1639594362752943,-0.12915018749176327,0.29571911686938773,-0.012511201131585752,-0.17169778819126441,-0.033920115937066245,0.003346117983461132,0.15490838968446319,-0.12203789576801174,-0.031191357822552741,0.13364808164673572,-0.039698458289668739,0.034530692571372201,0.016896418301549133,-0.088249216588315138,-0.05573385397408781,0.088388474130228267,0.0056641707757146727,-0.0015718328420911221,-0.080636268334173977,0.078914031839028995,-0.0025029117077797485,-0.27184385755438012,-0.046002585305006304,0.15462247438939533,0.072154789253719723,0.07961625430804746,-0.024162696703418557,0.086417531224993085,0.13346217394488541,0.16807433205993769,-0.12688538540177516,-0.027224825840256831,0.049474891018218552,-0.032136800138835145,-0.016468694844897901,0.35240649997418111,-0.029016416781542282,0.053832754964548736,-0.05749672906091044,-0.03433340797057445,-0.13652813639700173,0.29684005701065419,0.16535089373927334,0.016288970503175008,-0.14195588936680478,-0.13446309867821918,0.0080387518072213195,0.12077028604568146,0.09501307789039462,-0.078900278026163437,0.15339050753050784,-0.073696429343447709,0.10481076766582936,0.13995452750702397,0.11968238428968635,-0.11986481129252867,0.12618197801056824,-0.11245790615792542,0.087790118655954555
-0.17151441824525165,0.015336591999804857,-0.071338531535894076,0.15805134617990516,0.044840559808276823,-0.14874699677795072,-0.067449824347848311,0.30488261502620123,-0.19252624388060507,-0.024450240338992891,-0.18076379671363202,-0.11713451373732635,-0.06924873584111807,0.06227879662385484,-0.027711282135320026,0.085663181938360575,-0.096948121578844582,0.089321531226176379,-0.047655835103975315,0.039705921645710872,0.011788509212661823,-0.091395380950616945,-0.0555292396276858,-0.055601761448913246,-0.17225208335747971,-0.22415260911268306,0.0027658179701003029,0.025550091247886642,0.026667670749985693,-0.21183264808861768,0.10849344318739265,0.13067518634730377,0.020655938627368125,0.14321429106223429,0.024093498420278553,0.00061959077970193284,0.079587977310334554,0.038706816511473806,-0.070859206763399477,0.10476332978557867,-0.057245516835922758,-0.020203372981804829,-0.12586533008670409,-0.19472275446670448,0.17307811519868749,0.025891658279991906,-0.10567241261686736,0.050190351706926192,-0.22959595475338515,0.025124379149421769,-0.17968807835814493,-0.11671005058434698,-0.062361024667424048,0.08764452967249875,0.1932833232663704,-0.22459166207532996,0.0016739815136269992,0.26021955782435924,0.29652439877124792,-0.084994899012528005,0.055291442387401975,-0.07111722532726851,-0.087633927016230753,0.050094405114229336
0.029029670854185122,0.28369285160081276,-0.081259069920256347,-0.043892020363859488,-0.07508551930228835,-0.024446643821349309,0.081907926162422609,-0.018493697221641747,0.068924766726710732,0.20739934259481227,0.15632250330775702,-0.061313849768891412,0.17352498675846645,0.2832917965322907,-0.0046491058592073413,-0.046615382818565969,0.15280344824494213,-0.1843847314249264,0.063122156486642503,0.029496212212676131,0.14851304417284183,0.11988469746448671,0.062400105601768646,-0.13275441092489176,-0.05114708152571637,-0.078101963252280415,-0.23002774046941138,0.083513234342818779,0.16161659979642717,-0.042147892293270407,-0.0017206441433942933,-0.064607179828848865,-0.18551290829906841,-0.0015657623246994202,-0.012536903524037872,0.053378371498800897,0.1245848046919434,-0.1466975276929216,-0.068643009248841758,0.041360929768251974,0.016499306209445695,0.066806305490321183,0.11500766862004611,0.18828258814448665,0.040184056974626139,-0.033203513916796691,-0.026990767884759889,0.15324049032045023,-0.053587749648822472,0.088094956812731176,-0.27784236995624573,0.074520294395274952,-0.13250591908022682,0.07354759923968969,-0.22525764295214368,0.035776090943243244,-0.14412755388757298,-0.01421160493346749,0.093104094311826077,-0.20786478354902535,0.24444735204604526,-0.15254243201645118,0.027330915191772803,0.035981875639139911
0.05792248835374763,0.083589569426579288,0.070152458372482795,0.12768663775623496,-0.17336869182683456,0.27303878666882048,0.021105998628306692,-0.04425862510229004,0.24907513291051431,-0.1553349430018377,-0.029529936930811584,0.056939442799485818,-0.0085543382215186696,-0.16038770191808405,-0.030068688944764967,-0.15149265859067654,0.0094478198421354982,0.15468509926034643,-0.042103708928045026,-0.097295630467347571,-0.059202487797360377,0.14634106203667344,-0.0049456568895898919,0.11487338004489001,-0.12673923372135878,-0.0041169515815431519,-0.037512744476739843,0.11174029323057061,0.021438849391698683,-0.10989226905105873,0.1599397518118848,0.1104713692218961,0.08010502169936215,0.024107595298943456,-0.063585339547424541,0.0028037169780772628,0.26328517925094153,0.01493923225703477,-0.0051042593040050441,0.099876910728982859,0.081784798712200735,-0.012783867083037375,-0.13240487716316449,-0.24307382754666221,0.018750891170105068,-0.045707542001396186,0.05698297157320046,0.055727965665006179,0.057378741176001696,-0.15468306434632476,0.094176038605393975,-0.087968393636478362,-0.22329218119122538,0.15005437916375555,-0.16710976508102063,0.11502484806098413,-0.18739315804526102,0.050665851263000813,0.0080391689038302513,0.048015442300149674,0.12844702327164464,-0.11938826416112208,-0.058058258994423552,-0.39167411353069809
0.087168735143931628,-0.065787553133586432,-0.095683962792975016,0.045555856947087782,-0.13385711552306662,-0.1750374885784296,0.023458964689488843,-0.14671122561091821,0.013080630798001798,0.1408103142617069,0.19152377368825707,-0.30735028823268051,0.11467634439525355,0.16953602072151419,-0.036803362491913287,-0.063022684588470268,0.040392314514609132,-0.0711333831078972,-0.15696608999315012,-0.0971163004733272,0.23202394355646835,0.0060027651930440228,-0.049674990062036115,-0.077636387837066209,0.24663262039006942,-0.18542045632695933,0.083373399757168634,-0.014404479422960264,-0.14107609792661602,-0.11269906281050525,0.089326197502551066,0.030602120942917414,0.12490407229183864,0.043519851011021876,-0.02641493992620815,0.066009042335606893,0.014521567558780927,-0.14597888840617362,0.18195057107285986,-0.071350746332849407,-0.022005760514630664,-0.28673767685061202,-0.17280484710933808,-0.030120404257652087,-0.032167919987850506,-0.065207970915399829,0.13599214684925012,-0.11479774950343884,0.040842940621336185,-0.20349852965811771,0.1439339012892939,-0.086805969092997995,-0.19002764109259007,-0.17598312153230886,0.16334407229093367,-0.041871692817913669,-0.034967195484191617,0.1393481048867547,-0.16357169414112441,0.0017212626725362878,0.054704402276296415,-0.015438927240792292,-0.10214745465678561,0.01500857503509774
0.14453649395177434,0.1784546375762657,-0.074950236156643063,-0.17454134701464635,0.068266842086674745,-0.1680245070046642,-0.077638376461868788,-0.34208603028177292,-0.17556131154590277,0.06871715931813499,0.098515685369416392,-0.0021899565485544092,-0.014608077953023791,-0.15571448119593131,0.14140595988448093,0.15563677220405991,0.046356947085325138,0.15582775610833866,0.062788002688592373,0.056270553536804296,-0.13911957823122931,-0.11665948408479071,-0.040861919416842439,0.094447032152216073,0.093302715376665873,-0.075415949000896709,0.078068161037328151,0.098920128326460785,-0.0026081874326593511,-0.050320074391623129,-0.17899432400033422,-0.16847168966571399,0.085752412684968429,-0.049618262868077793,-0.29235572179362163,0.079507206751757556,0.0036572554380699795,0.099642190149202212,-0.22627018214401029,0.29394506377386237,0.085413958251786201,-0.028739105579055801,-0.020168427322380004,0.030717837309096004,-0.056696713842462193,-0.088359164593157249,0.1060641304061568,0.093905629804385604,-0.15295588801784801,-0.052016542884170666,-0.17076751613250449,-0.10459004662502161,0.014910902810851718,-0.079836693931641806,0.12454922534070585,-0.011824629711811014,-0.096031597475414204,0.07094226131006795,0.045486178416613746,0.14742559724562376,0.093460144174814769,0.015343183398647986,0.10554034053010032,-0.18613519632614067
-0.018832477041339175,0.11104687265902133,0.083299738122271122,-0.14497043192706394,0.059062992279309841,0.031536873127070875,-0.08319136243330337,-0.05022081645524068,0.038347342439451863,-0.076739391615966185,0.079351801347922982,0.060337001243346629,0.060283936488321734,-0.12936358927592614,-0.14060836275227856,0.14023699166319567,-0.069815309983795065,0.12131547578375501,0.23014872382295862,-0.24795802606189585,0.094739304996196025,0.078897155622416823,-0.023401431500919084,-0.19613825927430509,0.20304997429975885,-0.080566291407284149,-0.021743932555995472,-0.13821393399725873,0.030341739245070967,0.15784074240678003,-0.10416143795597574,0.34526113604874142,-0.14703387515888902,-0.058084201429529754,-0.026922573632653733,-0.07843956508337882,0.14216398897632879,0.068797960330027316,0.0079492894079284306,-0.12778939726537308,-0.098713091816741788,0.05996195974866024,-0.17226543373651954,0.014701819484861033,0.036016970619815673,0.2041791714519251,0.15090897945858292,0.018560251032754174,-0.0050933165014880426,0.027191109460461403,-0.060700144207467978,0.071440547326318632,-0.10389174724130799,0.10114773257126493,0.14060763477855828,0.051649861873850789,-0.29742544840671026,0.044088013512657682,0.1082759350613326,0.15542509975400967,0.062615645757082353,0.21380575495312221,-0.041582916886618665,0.20898548418056953
-0.14247124535660763,-0.07036803373726927,0.11988163911792042,-0.27733462504801648,0.073616380989189642,0.026741549468727893,0.14504881484111304,-0.16602244400637192,-0.10472279861980482,-0.093832936212629087,-0.16454712901127455,0.047050819922304671,0.012672294518185025,-0.10759144409501659,0.052374867514960552,-0.22453050646141162,-0.23172701921877248,-0.062567483242734631,0.067120948607476416,0.037258894005444014,0.069796592626171883,0.08899367266360407,-0.17274820979591662,0.11883456166689746,-0.16475428145141821,0.084439915213928962,0.088018075054388981,0.0025590925202581059,0.068856106769237979,-0.062748450400006608,0.0092150270706944665,-0.01612647664737241,-0.064688110566709964,0.006798484874319363,-0.094220386500147454,0.05729449153354995,-0.066489129641824365,-0.13609138436678278,-0.25697451588363418,-0.071767897145709594,0.0077481167540794909,0.078538882446590075,-0.18738942210572188,0.012221190053133144,-0.11621374041984632,-0.1030817616115985,0.18988785115146337,-0.0051839989214281868,0.013387323420247746,-0.14367097086582367,0.052906425436144433,0.040942030719026752,-0.047587840501114309,-0.061553925487983607,0.077788130082593276,-0.07118570122387867,-0.014506926762022074,-0.041132116547141058,-0.054106862143260867,-0.28965762399372047,0.20847282491897751,-0.15890500276730665,-0.25289374490239674,0.25955159147923451
0.040731389900007429,0.040817984895064746,0.15274441646610692,-0.10242383211480079,0.1594067834768696,-0.12469893640769231,-0.05056202855084057,0.31838644544176475,0.064208066039712922,-0.082412474772124614,0.13598844233773488,0.11724657518968029,0.026229022816247907,0.10169246376700608,-0.01179539522462318,0.17738471433848912,-0.19313315495311437,0.10423154098896205,-0.14442684996492025,0.014459094837204964,-0.012736055653281123,-0.02873601834443747,0.0097010570128698986,-0.26549001789864551,-0.012272516592968441,0.029826412785522345,-0.10426458249625128,-0.15170077380206407,0.055358237520289802,-0.038294203537162536,-0.18190296519005758,0.11327963141339495,-0.031707151055562419,0.10890877933921168,-0.13021789618534019,-0.056751747205821539,0.065206221750432128,-0.18008466318803948,-0.23675929268705137,-0.064201184153332425,0.21712544792487992,-0.14270353313129475,-0.0046424477323896377,0.069577491586214665,-0.2105843888715109,0.10482642545415527,-0.0097802526585986562,0.019768526461987259,0.19789332517562622,-0.10129394855100754,-0.014367837020421274,-0.23414022491109052,0.016800654199759617,-0.11313773252645774,-0.12870033952199739,-0.055376012667911659,0.18284443257181918,-0.01503955416222446,-0.11688399419152826,0.018755475069885865,0.042565521118131014,-0.05547306833436294,-0.09295219063318956,-0.22258514234984259
0.019425332130687253,0.095095804975108056,-0.18592671906713162,-0.11242863139141633,-0.036527448075541133,0.083514511633416624,-0.22139059001079239,-0.067877646385091001,0.18517245744906202,-0.11395325842147187,-0.02608953890808988,-0.093355955556731707,0.04195729665135578,0.12696027171064542,0.1812206954721795,-0.10471037044407155,0.19335610065264269,0.040848401602765191,0.02523265007619575,0.026013977339018057,-0.0084574251479537857,-0.1229699252942925,-0.23493382074546221,-0.036683095558416159,0.25427141819586663,0.19298882191181826,0.03517797556843856,-0.22621332605133881,0.18754927765937837,-0.0071188086973810617,0.15053922182823698,-0.098834385396938049,-0.014104798884300065,-0.029507764189188865,-0.0083565622124212972,-0.18623825311187889,0.056419878623999643,0.28831365984158508,-0.036089594831000354,-0.17843799704718474,0.043025026788598347,0.0092786553849661356,-0.10339193425575839,-0.1177530499020789,-0.063215511569969338,-0.0099547126769016885,-0.20343679259057487,0.26922995236720021,0.017511641979981014,-0.0032977906976159248,-0.047311785473480236,-0.0037014748392072533,0.06000392692487571,-0.02955163193461096,0.0062451624121172113,-0.26711149592035272,0.053763049172110965,-0.0051473328743035836,-0.027289369629659346,-0.085385778512889823,-0.030421459229865236,-0.0091935452321964695,-0.19562602846609359,-0.024960032343982301
-0.13362254921964761,-0.095039523719858493,0.13282563276631754,-0.059631395200904609,-0.00034465353498836231,0.14615136463348966,0.13082609377564605,0.031784795999993683,0.043344647116693578,0.037956754256839267,-0.13643501462619528,-0.050000442987963543,0.055565941901114274,-0.0097061039668215592,0.09693789307891082,0.11019716042755415,-0.077982768594510393,0.037568870133757683,-0.33340247066690509,0.08164332979402554,-0.077716555416423611,-0.01508811365448777,-0.1311381286117809,-0.18347583922839508,0.015793270486781249,0.11237761801336578,-0.013714884908835023,0.10735034729419754,-0.032877292957666615,0.32796086501843819,0.23789406430205393,-0.080052675749314489,-0.16815585520376325,-0.15720114803062188,0.13650318125905234,-0.03594266234531205,0.019396772392713892,-0.10083409803413798,0.040356422266255347,0.09144671765344807,-0.16601445418608274,-0.053844496423192459,-0.00284151513087459,0.024635048725133581,-0.074395120470092446,-0.063770728644926014,0.008533910719393278,0.25793792720864894,-0.062399174848964657,0.14232681696581301,-0.14666432085760508,-0.22709316775330707,-0.066929996340469228,-0.13768960974895345,0.23558793765251815,0.093178622413337658,-0.15710099356567617,0.049097329737004022,-0.15693737311387529,0.14366865117067387,0.086752610423169882,-0.084117179173192627,0.10852792729758889,-0.016467368604839824
-0.20966650193035452,-0.13569365937491207,-0.14792184313964832,-0.081987356498334538,-0.058563954012823133,-0.040790222456844931,0.18493661937787675,-0.069232444996595602,0.030505585181085135,0.075150022580316292,0.12804745364085646,0.17794412723607944,-0.078208104906206444,-0.14173537161833266,-0.081909121348148844,-0.12121524284314765,0.14117926788094398,-0.062246196739084068,0.20586372180663912,0.072275697902793409,0.017011177992137232,0.052391789235775546,-0.07407709800317841,-0.24213067836109819,-0.031344141897228332,-0.022727186153808598,0.030221744662691043,0.15500756333524662,-0.2272083442912417,0.049185620469647306,0.047368851089794529,0.036103385353681045,0.013375661445041332,-0.04603123646326774,-0.096861623399930361,0.17057343003473394,0.28836284438483251,-0.14063693334172508,-0.016947931922413274,-0.23791325971487412,-0.0078973212838947069,0.075857447606721681,-0.029088236998737905,0.10808018864367307,-0.059809357773009914,0.00010114534177955555,-0.11945774717300311,0.081928665471383652,-0.14561684339500239,0.10425116832125442,0.049814339648408638,0.095507573991333528,0.15279412833647341,0.050505636560961277,0.11814134492692184,-0.15120927632322678,0.25592969117202657,0.14195552304958148,0.014335059857182217,0.16625184368669838,0.013450496521401015,-0.022603065055372202,-0.10589328099630016,-0.25456756919499046
0.256587933235357,-0.11649498470860584,0.048639012125117106,-0.22895766152937067,0.0097934276715156057,-0.021210189888336849,0.22155158183206408,0.21793594739071617,0.056846774823358356,-0.14717115374315906,0.018520391424818997,-0.033035261347831128,0.16193791467757473,-0.12024316180834609,-0.010424237603503835,-0.28475386657188656,-0.055750663090764666,-0.06531556767864799,0.029373315975974614,-0.054041948701308351,-0.19360423532728283,-0.0035315788483139326,0.13067384544503188,0.10413080333367279,0.14414401293351453,-0.072417640338498707,0.01597096465557634,-0.061403945993825169,-0.20653664271117878,0.18629605955776218,-0.04623578803742931,-0.0038396563353886898,-0.015705222836254303,0.084230169608358857,0.015658496673638136,0.1281275907978621,-0.012614632097682805,0.052418806716254672,0.07732794612905039,0.2068806003934244,-0.078888689632526779,-0.19616621097656148,-0.033800574254209653,0.0059736534617326736,-0.0015000408709864373,0.022553913786248086,-0.1387369051004457,0.095009027255800099,-0.19895876535747858,-0.061593084058753952,-0.1769445001070524,-0.0036817979775195385,-0.1346845282146869,0.0037044976637442923,-0.28023024379611999,-0.24737765900414527,0.077446527172453997,-0.01254271852632397,0.046391191569000755,0.11982247234951593,0.026391622580702909,0.040486099336872965,-0.067922097992807198,0.14761501357639664
-0.15859394515978803,0.15355345763132014,0.22523387285334498,0.22322190619101853,-0.22086679664298056,-0.15454385969871781,0.15365373484484054,-0.16642222435129506,-0.14282219059809204,-0.11338739305934267,-0.0032457378391648555,0.042305004197775053,0.24058910613759049,-0.21416989284023777,-0.091235256885446231,-0.030337328308722263,-0.059632199736420456,-0.1940488581684934,0.076419223784483681,-0.01307768750699744,-0.031015563684732714,-0.1229203491303983,0.047047661522642045,-0.029585838312678164,0.015945425802563765,-0.18960901598967378,-0.072736924315132831,-0.15051287673898922,0.21510349335434337,-0.064632835379835593,0.058360783470947079,-0.087808782438432251,-0.014273678838388012,0.024395329226114353,0.056046097189270894,0.008504683009223326,-0.018035976809238467,-0.073133498579717959,0.011642090616353013,0.092891301059343817,-0.03714891231378744,0.055254101159372231,-0.12699994890758676,-0.097566142005578491,-0.055489284231880417,0.27166916921061107,-0.16331460348802174,0.11243004606390745,0.04985635600056678,-0.01088249268202585,-0.063010756435508714,0.10969763627195457,0.12958763169833212,-0.2906257067962581,-0.018681741535069202,-0.019003469208015652,-0.07960254796295016,-0.06618511158546872,-0.1096565185301553,0.06203536175325134,-0.22389203164335728,-0.10512207831315028,-0.056521284170124898,-0.1016249332215646
-0.15059729174144049,0.033523923152537549,0.077678327946580861,0.034845629631996153,0.032410161463905178,-0.1093442769974059,-0.087878773386116243,0.17349158856189592,0.049112772397254201,0.21687440089895424,-0.0094028875697904392,0.1198198764481042,0.15313237611728175,-0.073682346060729223,0.066289665706084799,-0.08039063397371797,0.013198215311214014,-0.038582560624085549,0.085185886865805388,-0.17513251280071346,-0.14187309604418236,0.22924183481648061,-0.030982116933718582,0.17842385395306595,0.089732427000986797,-0.13111756118433462,0.097786765014707649,-0.081166849853739384,-0.087934005470590756,0.019914180358746605,0.00096218397034052139,-0.11549377144545842,0.2133618076076372,-0.3220482061699475,0.11224965530393215,-0.079054549043389433,-0.15963266335905785,-0.13386455220635288,-0.09481253628285341,-0.30781176217607281,0.14049129847630165,0.079615590377818235,-0.11409470104067479,-0.11064678717021589,0.043122956933464317,-0.10578694562491521,0.05105020987435762,0.097471308341616575,0.11820935687803243,-0.018340304771140556,-0.12472072153330852,-0.10939409687971649,-0.035535424049133534,-0.082376062464706842,-0.096798746434340638,-0.098925582364957271,-0.008032952692385284,0.16405358106059223,0.11406459595333755,-0.0026881957655749971,0.042085934137023669,0.0007056285823848022,0.32224179296245742,-0.014066858064118148
0.012214444244943865,-0.0040714267343650249,0.071760058430350368,0.08888971025375883,0.083932586940190401,-0.026597438849821266,0.18760473165362546,0.066526194308712025,-0.13541580978919576,0.078568198019071556,0.077566407352520753,0.053917532464261876,-0.093786035044618327,0.027208228406704456,-0.13797639216422275,0.13946838527261604,-0.0562890978933068,-0.13596147442418116,-0.11419976691567253,-0.068491474630463345,0.015497500436884847,0.130542509378685,-0.083206403551301905,0.08195718695257205,0.30594780415875039,0.016012231148615514,0.26712600489278121,0.073279962800582576,0.084225308458873466,-0.21846712172753546,-0.065234033376783421,0.034704528774402978,-0.09943148300141269,-0.20937767241372887,-0.096319267208074696,0.096488277149672133,-0.08799091000656932,-0.0067232459086787391,-0.014299899272499717,0.0080454836015877839,-0.044639060342537951,0.052735418837710983,0.24521212535302866,-0.1340094904119627,0.14063914872015632,-0.05904193270365686,-0.11820061693338886,0.35230136938980894,0.031513411735778922,0.011079607809975021,0.19604024103802822,-0.10492638245821012,-0.029596779215677538,0.10137063293780256,-0.064604424950360312,0.069827157976209378,-0.011149981161026327,-0.16529002108261237,0.11090849329041116,0.11997500497142589,0.04128771539335719,0.001978001817111667,-0.32473664742459057,0.01136064866679207
-0.079747388001854991,-0.0092045842928028601,-0.14777635005329012,-0.10228708882057422,-0.079967302285440384,-0.1184198723475533,0.026105705119529584,0.051001831215412505,0.26792748751623335,0.20242138803499277,-0.08599587436420128,0.0003297030714156936,-0.13249053022595061,-0.14403109478931028,0.084999356579152946,0.18144252002078876,0.053593358259794874,-0.11633597755079593,-0.094676135735358047,-0.309311423469673,-0.095218992651683557,-0.062827091801535187,-0.0030946887872169409,0.017459959083529215,-0.12570325492473583,-0.090674261397022574,0.039477492199692758,-0.30685326568014382,0.021839007281331382,-0.031392873469939804,0.026980733706604632,0.088397763204088306,0.015615325450114653,0.15443972850435211,0.04170473826097397,0.058084746960422103,-0.14452410091245413,0.00027113799459472111,0.12161369217292498,0.059836350221865793,-0.13494692258457031,0.26530729844941064,0.13608528114334098,0.12017396873907581,-0.28059901052115643,-0.11950500913257188,-0.0089661695541168075,-0.1035256329851339,-0.14502350659337687,-0.064850226863290797,0.1112530034297378,-0.061841804451816071,0.088236048952882465,-0.056433208890289077,-0.057661068814911114,-0.11578084672058296,-0.2111896296649953,-0.060985422623280078,0.059576685417843167,0.069681085515661281,0.14800791856115872,-0.11496873521222861,-0.10691375550331145,-0.092614666863281292
0.25554761730905323,-0.075113452053146748,-0.022446006859824248,0.0042970425366253093,0.24506729259725654,0.097063441836194919,0.054324430267036136,-0.15184878323124226,-0.058886518938891637,0.1358924259187774,-0.15678751776233857,0.0060690604027515607,-0.14399470110741613,-0.1476916420753559,0.098705881653510644,-0.20483176856170074,0.11370802954846854,0.0024658694273072337,-0.0098878953565530621,0.069540933914892106,-0.02176093898399635,0.059702476112873104,0.34445149686347948,-0.094806139801961245,-0.078441062952598603,-0.086275737653446261,-0.031910748182207835,0.002300139225885193,0.30315568116960895,-0.29085385954787218,-0.0047087693818881381,0.23697307647087634,-0.10317119131735002,-0.072420364946529148,0.047598548948617814,-0.13819414934908683,-0.043563578352236274,-0.051650587690431592,0.093550457063625692,-0.18692628004661463,-0.15356297525983476,-0.12476232959423886,-0.039061761382350423,0.025650766088183858,0.086576066089418008,-0.033255282526051526,0.023274847667186391,0.037618218926263068,0.054448661354592698,0.010312690606572892,-0.12615522715399483,-0.13456242179699227,0.12983832244593646,-0.08036770267025975,0.036412335896780487,-0.16914525967161004,0.021542846816055779,-0.035467862642129484,-0.1368856295728676,0.17402641240290315,0.10770901241686448,-0.026594670705976976,0.061977573853368988,-0.027601749573155736
0.17280593000306985,0.027138834002120166,0.18577984159121663,0.036029849198918912,0.090484676633971528,-0.1783631512760491,0.24245791288756446,0.0048412933261895849,0.043395276392680718,0.023773189060585703,-0.029627557252420542,-0.22591316347141704,-0.24491589203706829,0.043194756079544185,0.22093810840405478,-0.044378935175263659,0.10860615221579679,0.24453121596078711,0.0016262885599075674,-0.1466640402035024,-0.0033592503201345454,0.054892509648600415,0.054769400804809756,-0.11961168738037449,-0.050882947401029756,0.086633848963767385,0.04992708611742977,-0.15948041408746169,-0.19613013563186515,0.020833556591399089,0.26383049377629025,-0.036052273614550323,0.056372570206122304,-0.1180350222982402,-0.1542976316193021,0.19523589774712752,-0.058193050011166481,-0.011566369296913846,-0.088161510372527341,-0.019082754066344694,-0.1411705084105904,0.069934211173422925,-0.0053263446066911819,0.055222026034223021,0.084562169425772479,0.24237766500430558,-0.049787426310668979,0.056911227784732794,0.22983052568259815,-0.12243876259699088,-0.15933377614870112,0.13645333283964278,0.13341902029072453,0.060769361489447768,0.023037257663692134,0.13689055484380952,-0.034426968961004605,0.040587171604798918,0.10191806060487436,-0.19176562650321863,-0.090245440935077068,-0.0012718373894598563,-0.034266136295977842,-0.066467221658258024
-0.14142199011956127,0.086663705175005587,0.16646919274031613,0.10808589847141617,-0.021652984570672291,-0.013757406366433115,0.11433882890395243,0.017361815298341954,0.036784459149716439,0.090884726092671467,-0.044044534391099996,0.015377456082147032,-0.22751417642182134,0.01207429471713504,-0.076476389782456869,-0.051246887655289487,0.18436063595388252,0.016928534876134677,0.097967547557843371,0.021024132404348743,-0.025916277560801188,-0.13821218235747681,-0.11089914969521217,0.40602316295255736,0.18366455916166197,0.10104896889431121,-0.16246106340255392,-0.12123929543474869,-0.0020750866120270578,-0.0078213713711994225,0.0092777983611710135,0.17541621889584633,-0.051582079920558771,0.25141187165508588,-0.24968734481482585,-0.11669451407502583,0.054413343949451548,-0.11271167988907682,-0.03714499399859867,-0.048354230105605675,-0.095855077641309183,-0.24619172655820909,0.040445514632216205,0.058082666049138601,-0.18328963660229472,-0.074591319785739324,-0.080961607718143105,0.075898343292681955,0.095672519520712526,0.11447469556808398,-0.014068915060502275,0.022096392963594662,-0.043858474459861983,-0.005146417501129044,0.040091444113865719,0.14910239367152422,0.087236176329301973,0.17350178559987878,0.051291305065146099,0.13981935534423945,0.037047729697338154,-0.18355728637762322,0.15464794839575943,0.18596986549625089
0.01763980419061097,0.14118908754559054,0.15478567269304896,0.17448010359839253,0.010537784615906789,-0.0084656248345958852,0.047448141274018786,0.0072698028415441917,0.024361787025769074,0.11131318055092343,0.084711085281243409,0.019185656112600296,-0.22256045578531158,-0.14381687064303519,0.094224014672342496,-0.19404099839808772,-0.080882770529269482,0.04577331853299281,0.03721311425710748,0.063781631626252264,-0.083306316207263587,-0.12616939067062802,-0.31143669471321456,-0.27093945779946321,0.077147457683092502,0.053660595976038311,0.019071440622551915,0.020077536790736438,0.034602178466448419,-0.1663281674696436,-0.026092252166018733,0.006566915515313276,-0.20463924530559505,0.10396414006838849,0.18991733382309117,0.21897313413979536,0.06592614999913339,0.11672968965525361,-0.035804440338771719,-0.07400426016255307,0.053478912502489324,0.086303671058815257,0.16677621679116403,-0.081492026849867255,-0.018111734189117591,-0.072768915427657427,-0.048447438395437956,-0.067170207056827053,-0.1472896764588579,-0.21775294262071959,0.058928305918532292,0.002036431078148397,-0.18188322741882362,-0.18716946079538477,-0.12112765289267188,0.0051408266738495832,0.020422162302367691,0.045434234706988867,-0.071253690169763378,-0.041665142676503376,0.052569891945728801,0.24785995478900913,0.27538606905618829,0.12508842647849605
-0.17363384982747521,-0.074589078545105825,0.031704604666648782,-0.037584355845074455,0.040636562878211109,-0.046852236973389964,-0.077804278101768765,-0.1246847686232303,-0.10754508933541755,0.077922644177439743,-0.07623461247272309,-0.10728243143047658,-0.078906510397975541,-0.0058640152014900132,0.00032649601476376206,-0.10991397132319315,0.11335705566575416,-0.05028223593220349,-0.19965949451239928,0.027898267995832959,-0.060177390487996987,0.049529795909776526,-0.2180800526000671,0.00058988029292758397,0.043867211269201449,-0.11834736115355189,0.13574142039153034,-0.091251256804692704,0.011135959136632217,0.086779879831607246,-0.31420383068109647,0.19113667594662376,0.10568005448542604,-0.06534160479532429,0.26923121821917895,-0.2145874012964539,-0.018692565794827844,0.038799156842326953,-0.0096366896691910588,0.12455852521151856,-0.11382915245117617,-0.02271613935093918,0.049520037037090764,0.027436698456402685,-0.018549431724369993,0.23994469927878842,0.026505372694700734,0.023959592186210479,-0.06305778813875991,-0.14039101051939862,-0.18326033643872419,0.22624253968801381,-0.066143883335441356,0.2057005715767643,-0.12529598144277912,0.18602524250758284,0.22022333386538182,0.073537680573269953,-0.14950726580100981,-0.051860735643890959,0.16091163663751745,-0.066251845823720693,-0.054227394430839626,-0.20724200881327076
-0.13704185022765292,-0.049261578996179681,-0.18613881305916896,-0.069281050709537328,-0.048910517772961369,-0.0025000436164811309,0.073938249946290099,-0.064214479308772152,0.14022281148930291,0.20706336423323352,0.039633863411666859,-0.073210813330476285,-0.009622103245326705,0.083044592505161025,-0.12019177082869387,-0.0059144728278032414,-0.15985064405293015,0.19049494400697403,-0.072941726313709127,0.04742095401593955,-0.3221535898065791,0.066748202242232976,0.1802888832072225,-0.042973125714233021,0.1572028483465539,0.043245649975192854,-0.026933609432439269,0.088172892133457734,0.3545451873120587,-0.0023648919461214573,-0.0032351065557524746,-0.14856309947772983,0.032903320386755808,0.06220993532498869,0.028114789146059374,0.14999307747128768,-0.032311081091513892,-0.072761225875120558,-0.10247591721913454,-0.040402078115606352,-0.268981600544272,-0.041748397105409049,-0.22789718214071042,-0.18729262807737593,-0.22367182277777106,0.066122772712301173,0.0038344627332961025,-0.11826636945655403,0.0205486275033675,0.093390810437196214,0.0024603342980396557,0.050844676926665631,-0.080914406578357995,0.021032551284908108,-0.046371841682336469,0.1517213037120051,0.17206480008790248,-0.04024996787352457,0.21969038341396058,-0.040389303505428464,-0.033485561479993618,0.19338341417500915,-0.04192235598297904,-0.0054417834172695023
-0.2143918377531735,0.032424218529609347,0.1053934360533292,0.051798651718397398,0.089608422133717655,-0.20828827480239842,0.043809129795131074,-0.17056498804975281,0.11146513435478186,-0.1087786724850129,0.18984850054437627,0.11776531845205883,0.23499441178923525,-0.017767583823725397,0.19325336407108779,-0.058328193102174998,0.082784492733111781,-0.14004202635989105,-0.12169553322908974,0.27020905441177123,-0.072588560065581523,-0.15568737791254006,0.10647528588173023,-0.17331928675995487,-0.10990980444716243,0.1132604373610147,0.16121671467545046,-0.02823992646713221,-0.17556410429755978,-0.084871598839403664,-0.0014913059000045885,0.20520284084237406,-0.042561278837507384,-0.016033300864332373,-0.09146177008279717,-0.13039312074465165,-0.082184782080218496,0.021131136360602657,0.077371635657965912,0.053007085407721428,-0.15996833762140186,-0.08940774035439665,0.064402049503728964,-0.1943081129385037,-0.12217589350998311,-0.19393875354725812,0.12622997355902391,-0.015924761469836887,0.16974251898369949,0.085210401233419927,0.0026435045084163026,0.0064729873076843202,-0.009122378684637342,0.19926025544872769,-0.12054772523407511,-0.076717969989584717,-0.13021469913798533,0.063932394255335936,0.19314971961306041,-0.073558975634695128,-0.059201782656582345,0.13267847691666096,0.011203555994987298,0.018415046618829062
0.028885691560503215,-0.15839855586878016,0.12914973123712301,-0.060593088574675179,-0.25225019648461255,0.17515652658456929,-0.24203167381363236,-0.10196881600590352,-0.055203446077283974,0.012455074656108681,0.17824109411922415,-0.02101589741878369,-0.092793198659183118,-0.063631596380146371,-0.10458438744124812,-0.059139906219772304,-0.10016253801992112,0.057634694122925073,0.14511922911458211,-0.034897957673285497,-0.13826801960999799,-0.10238953362327873,0.031486213462109156,-0.18368877389834704,-0.10384048977678033,-0.058531771636033021,-0.0021021939697622926,-0.022776240332645671,0.013625143174284022,0.0074116485548848393,-0.00039651501694257067,-0.076777038150181789,0.17529970834124314,-0.017516745412943353,-0.10831152538641632,-0.13293067893111807,-0.1530015023211754,-0.19943288214888755,0.10681636146519974,0.026667138467907577,-0.0013841725123665551,-0.064883775547771319,0.14603441446826387,-0.011428341899647946,0.045763797123508178,-0.093434109160121931,-0.33768585683789709,0.06053379731267626,0.033082906547897389,-0.032487580619420836,-0.06791712813906009,-0.13961541191030538,0.19410035308177917,0.019523558866004993,-0.065148680607946374,0.17992403950967392,-0.091737569364769303,0.25836334556325541,-0.022806614987906832,-0.12325222462714702,0.22492159479408444,0.14483431434723421,-0.1679151396860139,0.15998131397417378
-0.10232069140669689,-0.041209165068459709,0.089947448710702607,0.082220764013565817,0.063225134277028083,0.18837022918172358,0.012697289124356114,0.13386186339754705,0.17113213025232366,0.090831088731852444,0.091138295076403697,-0.17613626763599205,-9.9947729332905242e-07,0.020066648054889259,0.043796392309677593,0.046462896082578815,0.046097478321565619,-0.1687093163049784,0.083789601755465737,-0.016396810430394777,-0.11990046050346286,-0.12597393898486614,0.025945314453289514,0.07558968378181935,0.027806562443222008,0.182522776497308,-0.13941365322198948,0.066102182900875078,-0.047851465240828367,-0.27197543458640699,0.0017195381448457448,-0.10961626851838659,0.098464606447462355,-0.17781652604110393,-0.044137070072479904,-0.044737826527342969,0.079578283589582757,-0.12533527397383235,-0.023835665264128794,0.10577879967323517,0.037443639637934893,-0.026272861953511174,0.034568354803514341,-0.045340485011871504,-0.10356491746141662,0.38159252765735441,0.37535401149471964,0.065554004264541596,-0.27915946593453939,-0.053716378070695112,0.028073127064257661,-0.056016545095229187,0.21449715166604377,0.12370235378186935,-0.011148420628712314,-0.12370848816656566,-0.055150656540756876,0.073811507122124614,-0.15143420104828478,0.0083536964456258668,-0.0074325730102039701,0.12179775931170871,-0.046901576644610636,0.13189966202702078
0.036896972159803663,0.15524762774286924,-0.032083981103443841,-0.002808725989015172,0.13488057839149697,0.07935359088579709,0.018061352919112674,0.18936772287109002,-0.055113776116009386,0.055520080018602549,0.18351908091250083,-0.26240907607953301,0.064921678609777156,-0.32516420621240333,-0.12613459765399906,-0.029407400776191219,0.10427850588383403,0.062160720101126797,0.1878456316065176,-0.083244480547614283,-0.023286796718457629,-0.030207941559497711,-0.17706672467626716,-0.11067773561152923,-0.24924998877140711,0.02917513334226823,-0.083724650740016213,-0.091071971943812668,0.04015066620058063,0.016267194350130097,0.029643070018545055,-0.049464928487517663,-0.0061555979002883487,-0.080147777917177226,-0.014177520630420298,-0.05470632779073039,-0.19801409320794416,0.049685321835152695,0.20584524423148529,0.011956838712763068,0.042138395619606354,-0.14688036158332152,0.07288249557491254,-0.1078725572796688,-0.040156584385313027,-0.1652577296563324,0.26344283058382922,0.067748864259159297,0.019581247208792014,0.20840021348347884,-0.070979973971221993,0.085911538633087245,-0.15164733638014891,-0.13973004468865485,0.085641565997734412,0.1335203011179584,0.24420240640035026,-0.11833498338122665,0.093042327392002314,-0.022393821724449616,-0.028530590493158599,-0.058965579228374532,-0.1882191902732466,-0.091974198993754114
-0.12437400458802171,0.010080193060366135,0.17076827331574937,-0.15048499492382147,0.0084025982995815825,-0.033028174461710906,-0.10717057073422932,-0.15563641477203219,-0.11356599800654524,0.002768764524167243,-0.10477890286705074,-0.20053182796183755,0.095244872329717636,0.12233413821397084,0.030167944413481727,-0.13707206011352324,-0.10355735688786551,0.021085512475627222,-0.069234590130966389,-0.29906649992373935,-0.15166417304299129,-0.064090159111818104,0.051452708381130093,-0.08159993711067498,0.0029302024992392153,-0.2331137635602642,-0.17164154804992249,0.15190027961680957,0.033728502554761709,0.016975014987606164,0.1104962884999901,0.054318136032278357,-0.030122148874063125,0.073001853843195699,-0.23765647225524572,0.08296151611137853,-0.0496116159609475,0.099002770590629174,0.034099358770375711,-0.16359386170143927,0.10656728867911149,0.18060190659297992,0.26352701124310218,-0.12006355224026397,-0.092547619957546026,-0.04910229767145452,0.036742168752276955,0.026821541309321038,0.0046123706829749068,0.068346834353873454,-0.0070261596445304053,-0.061663064822332504,-0.11793799475040674,0.32368377172706697,0.003026160841157578,-0.074366415093715485,0.15059089424160221,-0.030564652951027668,-0.21983755666219762,0.091274232111263065,-0.21797365015049192,-0.074724128895328132,0.065450455309555691,0.039313136665363395
0.11161282404836531,-0.28413467590429531,0.16890786986396267,-0.049098462667144953,0.076778458596136898,0.033381610486381622,-0.13147688050291384,0.10276029006869475,0.069940200340717656,-0.0068714542040854637,0.075353995794154985,-0.056686387819686643,0.075754646345759152,-0.1605760095621393,-0.16879971199136334,0.099188398094485208,0.24415490667521697,0.016131712952897646,-0.10475034429972876,0.07654852700237201,0.024260816332618802,0.11674276380325968,0.056033585815238561,-0.088740330150370611,0.1365729001792064,-0.1336847880370946,-0.089482270164287961,0.10807436676299779,-0.044898567179512648,-0.066680836681050765,0.066604602902792909,-0.13070438582785843,-0.23262694819661633,0.17013275783499721,0.020036002811859275,-0.026334663332432538,-0.26059172809568015,0.057655410585929191,-0.29719352553266121,-0.057731244205417698,0.044620344325571507,-0.054771492864802505,0.023922461958266389,-0.1827813223460738,-0.090485052521182927,-0.025939791200559767,-0.039081091478844608,0.015493427403965117,-0.065411542431355094,-0.028334082253463642,0.12098684309161703,0.39303299277657433,0.095904669664238357,0.042436979754738972,0.085384935518553071,-0.049348248471327287,-0.17629277572347316,0.083940815418318798,0.0065222450044086742,-0.041568994394827793,0.092498566631349921,-0.12945033404595013,0.090174130082564877,-0.079347941329521152
0.18849977880085153,-0.21485105627067141,-0.039524939916086826,0.20132497646413225,-0.21201654155035604,-0.0079684924809498223,0.054654415973787743,0.15874173737379838,-0.018007646247874563,0.10104027247586467,0.070726785715303525,-0.1326700452031282,0.14270909786267294,-0.10369502443648003,0.19341048833956459,-0.01908548620415372,-0.14716342305644736,-0.2532824160409799,0.12877975483487397,0.044187154581145797,0.033702143525769043,0.11209518939690295,0.056614741603454206,-0.1234625737273379,0.017902494834713029,0.11628370074778659,0.081419220565550593,-0.18017767928401376,0.066024341644043832,-0.043534537360786142,-0.0067477866536216425,0.17300343788417005,0.10488990030658926,-0.063306131440363955,-0.19132959920027737,-0.11211483767724564,0.054050255252246972,0.13861791866604301,-0.25069798316307723,0.063514988023457647,-0.0024658927534261335,0.10129356667577039,-0.11986682765336472,0.026031798743188245,-0.1294963121887179,-0.11612480545757324,-0.14709762251843084,-0.015678418071838396,-0.15577209298177397,0.043416661874213093,-0.028235951427674526,-0.032009271500674771,-0.10283681356920449,0.18850001163986632,0.21575032139470007,0.21945689059915272,0.097587821169685701,-0.15251054581319409,-0.094545319184678678,-0.020845538406397007,-0.0091656114691948502,-0.043848018691208204,0.17604386659081517,0.026915547284359225
0.18807145179045476,0.072359573918318973,0.048067934679887937,0.037755198125099421,0.06461058204997279,0.0045602229626497187,-0.07078402905703203,-0.0010308273590991972,0.029579576461359267,0.023853776672040455,0.040325512613000325,0.10146868044504671,0.10200021824239779,0.020272240703364839,0.038571522326128864,-0.25837011766958684,0.010173115740339467,0.13884496116595055,-0.12736483930509707,-0.15828860114937246,-0.14140391815575923,-0.11584579709863718,-0.049585664501147889,0.028431666465276898,-0.0032338072445496253,-0.17816408292329952,0.07503324750287256,-0.11755001593207788,-0.031024670284408258,-0.13730782542029202,-0.077482442943377694,-0.12319518845429078,-0.12166387188697177,-0.15087454200697206,0.30382202710400263,-0.0027648638202430525,0.31585053458195322,-0.20110049419399328,-0.028636207530090232,0.1296952367515696,0.14203594521442578,-0.095293722698076719,0.053800430532161436,0.091218250279004556,-0.20979576851212167,-0.091699981665378585,-0.077378580244708603,-0.044566124131910641,0.063928821076441836,0.094995893679580903,0.093043003410484534,0.063965680024492683,0.14811177595892594,0.20314225084525911,0.32603174149431186,0.067578311351902023,-0.025910321882600031,-0.094617181282085461,0.17443668353827285,-0.017919157506038993,-0.093843211310800881,-0.08637675659865296,-0.059181595259962604,0.12580345446327471
