0.85807092727357215,0.085648625328493461,-0.063190561187983621,-0.048770356953455822,0.0079917879922680943,0.0092916799287149788,0.046811685912435702,0.070976757133170268,0.058728772073879748,0.020703947354040089,-0.046295069371442753,0.070281137344408495,0.021924953663124861,-0.11567618340782737,0.018086989111221904,-0.051013389717671685,-0.027217388703760326,0.11739084898637396,-0.07963426594035776,0.027630853115788428,0.01221515574429604,-0.067775089413094139,0.11775026621508498,-0.038000915212506772,-0.0019030809847868702,-0.016144015587378626,-0.042439024218123608,-0.024145018583028546,0.033226437912427007,-0.033785506200189074,0.0043586900569993559,-0.031447464546007484,0.042694400461197199,0.12693777079290489,0.050624294516175936,-0.06414190496600701,0.035645000409546379,-0.031599812014025876,-0.089541688236060152,0.05972845012325162,0.14584088603245504,-0.05574620089881948,-0.035464406720408501,-0.033501451776854804,-0.099784297395074134,0.033792054863273024,-0.069559967893335142,-0.064996001413872698,-0.065744517278594705,-0.049925872091919711,0.0037693265688125725,0.029747117203564728,-0.064417654813676492,0.0017907201845818292,0.018192238437079504,0.057799631311838233,0.05384229535382655,0.023257301340486394,-0.048320236006298867,0.086175406833101875,0.11446016525055594,0.1073299032397089,-0.028165747257786956,0.1666011323820869
0,0.83826404124218101,-0.013896597730231637,0.0057666842197161622,0.096258711673863948,0.081368165084413496,0.0079210726782211385,-0.013054555552149422,-0.070668499483408739,-0.076707801256619093,0.022435241585241912,-0.05493623494816801,-0.022672638557158373,0.10881091334339586,-0.017814715861390006,0.055474085951857065,0.047190516029193198,-0.0090240055641660991,-0.069268951937212567,0.094050051890840231,0.0035248314206757082,-0.050589659422906753,-0.0036736276607032556,-0.018840788129229003,-0.0068872010307329378,0.060600452117163556,0.0072479148764016225,0.012339719560819985,-0.0076636151122531186,0.11286188317985835,-0.019919174158593317,-0.0027296241158494528,0.15921293903091174,0.049655197972677367,-0.048936267631255685,-0.051502562762366928,0.025399456757131879,-0.012248644574669555,0.070370531993824287,0.088921738221682797,-0.011583175467164883,-0.06489091898446793,-0.048141506917666069,0.032060479382766134,0.030131311181252927,-0.11013840103541303,0.044272877369025077,-0.0061891670324054054,0.0035743933585452997,0.027641016993607968,0.10020377710426655,0.020413879255353245,0.10406305628183227,-0.042146122474183076,-0.033799914425507678,-0.077600828279240572,-0.23356332837436899,-0.040753513043018864,0.044415408082821746,0.066053204064794618,-0.050056534223077195,-0.21168930399866234,0.061250016833541934,-0.030601614655796076
0,0,-0.82585975394623401,-0.05593303628049754,-0.050116694826744412,-0.024473717893841045,0.0046712368734047986,-0.049662448059323336,-0.10709460575125433,0.049802219763826504,-0.1353321563030101,-0.0045603680020557345,0.12762665065899789,0.070112863196116898,0.083187913171173675,-0.009289585773263791,-0.013969457354840042,-0.040052638100387006,0.073374118342830419,-0.14944057295040078,0.012195570756510579,0.03602604949944286,0.13581267767356184,-0.0014359204684637238,-0.11879245864521787,0.085841941556475773,0.075448462396618649,-0.025829506307235288,0.07626432118698806,-0.001026928747159967,0.019873513020043462,0.028049965770341873,0.0092164271624366571,-0.066531903680758953,-0.16629998033734192,0.018535669427795699,-0.094995008513963003,0.026576113799811608,0.045431190222718895,0.1009633319023243,-0.12992145856285664,0.067548760577680625,-0.0062088270814724452,0.037361589371110566,-0.025600352598716174,-0.024792370706778432,-0.13577696138610298,-0.031939064031767522,0.1080987540243567,-0.060530837585115516,0.014187559719496156,0.09169078434066795,0.10954284512862188,0.026785291116655407,-0.0087177045220902995,0.090637914130602917,0.00088093024536637179,-0.020644209432683035,0.0045260468963208003,0.026245703899062178,0.0041316255469940177,0.050570739777542721,-0.044070463456570577,-0.12555358912772618
0,0,0,-0.80173430517777367,0.034905546335454937,-0.059394352014119633,0.021971912338540029,0.047478924795277634,0.0067872933826088238,-0.037524006242701219,0.037170395134692009,-0.0110434776641119,-0.060462747176607733,-0.047380163917747201,-0.033827836214172777,0.029513569658856188,-0.039188992323562294,0.025871856290537079,0.093807897949128749,-0.0027662940857117158,-0.09389339286408846,0.0073665618560471886,0.04229694688096404,0.064276184636457262,0.014110472254038589,-0.0021009992277333245,-0.063612387051075095,-0.0039674020275348955,0.025188133589690818,-0.090183340658136019,0.15521242605723123,-0.20988664069848015,0.052205270314441748,-0.031810227373956737,0.14096884410461794,-0.029069033468295185,-0.069685705437085479,-0.094182226016342893,0.12570826710802741,0.0071415523973594663,-0.11306708848727962,0.15440007881250767,-0.044315653803948162,-0.17130951430553301,-0.075695792171068296,0.053163699422601671,0.028076543748456695,0.022633493540308563,0.025659690633914989,0.086451906846847254,0.021425269451166316,-0.020613770034236287,-0.12828133055089053,-0.13024286841838009,0.067993877141815401,-0.089996041009232322,-0.1198181603226372,-0.051665635256216196,-0.012526316317006124,-0.096404171278376707,-0.11047872005305585,-0.049542654791847947,-0.054936415397535972,-0.027334324354277628
0,0,0,0,0.80325965357827989,-0.0064359531017344025,0.034578763524024184,-0.088551166594046965,0.032882770620956368,0.12095322040158799,-0.16930508694566937,-0.011448557110998006,0.010929113902867809,0.14202601280876748,-0.003414780843452449,0.10667514485543639,-0.0038321094582043184,0.038908469734335475,-0.022081298533190099,0.037665446842705272,-0.037823479814053033,-0.066821071030701312,-0.075784131861214188,-0.0080193883478122049,-0.11701335632299197,-0.1441919977304946,-0.0035554578083439228,0.071891127872063768,0.049538246809761509,-0.031642022429582153,0.0091248502404587851,0.0020114141170040766,-0.14997347463751531,0.036755044455314509,-0.1374852691645044,-0.0031891364259448935,-0.12549015651914694,-0.040558227781706549,-0.036072585839230446,-0.085566604157024453,-0.046604667739658726,-0.046590284637189776,0.036072009886104948,0.059459551310987083,0.029005244856629465,0.012045185768418626,-0.08761469245963828,-0.055962655130175835,-0.038277780665969686,0.022029387046472747,-0.018574475949527786,-0.021777281926116714,-0.11413799480877033,-0.086605026710055336,0.022111427227275483,0.031260249307105664,-0.021093682807544749,-0.031507474484121861,0.15595858821600109,-0.162915862163408,0.025227122106819239,0.20206785464474783,0.04149482278482617,0.034082433792750194
0,0,0,0,0,0.79446425398806253,-0.059454875229332134,-0.053951422303773228,0.062407072176311751,0.017868579969236131,-0.033712815487320649,0.049324286341762169,-0.074749288831483726,0.021304294487500441,0.050488691198774797,-0.0028924514973792601,0.017760059652122583,-0.11520385117226015,0.10860770874490974,-0.096196203592672239,-0.045276166060433956,-0.0099472526956445109,0.10432869874985803,0.10500059955632682,0.039206413806039286,0.028620570610316483,-0.099834757989940778,0.15670897783587948,-0.12492168206646079,-0.12656440857307977,0.11230623313106236,0.066579557658496172,-0.045917491371113589,-0.0033488346896820595,-0.0063442397631414526,-0.00068120208377071747,0.022458778323931106,0.061268847237449804,0.0596442844404379,0.067733458332062096,0.002276319370821598,0.082057356368860843,0.016407003019357453,0.055112511247802642,-0.012939196420234359,0.0097822649380052851,0.19363720317002028,-0.17355746204635,-0.050453029022876128,0.054967571561348225,-0.12571548540138602,0.0043245864204933693,-0.057176988388773678,-0.0062983759627032593,0.17615588244603522,0.1552902915701333,-0.040928464980247492,0.012429758067589966,0.01752201355086689,0.10424758153043776,-0.076260813658760404,0.082370296635696838,-0.061748661988053004,-0.00090240970868599396
0,0,0,0,0,0,0.75887145592256633,0.01009859464760929,-0.092373530678651034,-0.001123592407164445,0.031461999819452677,0.033995593504440973,-0.098266596859089408,-0.015152080950531563,0.13047486112518347,0.17966385511131897,-0.043401470020717647,-0.093492317014257545,-0.10357633527682053,0.14400861808609894,-0.035445967442972279,0.18414987743693673,0.10322816710818672,-0.041250955709095607,0.04032274344817173,0.043793962416216838,0.0047992040850423105,0.017823141245128692,-0.11233315833534532,0.051449460795977509,0.021578096022170645,0.12126003548265683,0.034592247259578317,-0.043251464886676923,-0.11855997329322195,-0.10505210274940241,0.074541102344791388,0.10000978287327693,-0.022215572357594329,-0.14644253139027819,0.028376848213760446,0.13313457755833183,0.18774044217404193,-0.067292800053216903,-0.028379710115074713,0.21802830571238957,-0.0030920666072508031,0.026326093879670994,-0.062430820877416214,0.092670923636169078,-0.022000983113910182,0.12597603991622378,0.028464079897845409,0.0035693807349969457,-0.030227356093065157,0.081492705267563664,-0.0073463667288694509,-0.03455644238948502,-0.072893580888994919,-0.012975447400566976,-0.1023215414228459,0.0081776044109138444,0.050655396419590056,-0.012310413166939385
0,0,0,0,0,0,0,-0.75808134616239131,-0.067032339539833508,0.061445610981329987,-0.018945241487492961,0.032615671398509335,-0.048604300027697993,-0.13761065588419094,0.034714020332458968,-0.12271044370492837,0.050385854314298706,0.011269540423745087,0.058423564620862026,0.15792496867317235,0.086110883837635543,-0.12073077674561199,0.044961843107952211,-0.0087064013775103276,-0.0081676062663091509,0.049327708267421604,-0.21569916044174769,-0.21953237796201525,0.058815449376885778,-0.045716727997188809,-0.030360219242927776,-0.0888092300466653,-0.024137811916273341,-0.026453770298038318,-0.06846845890478602,-0.030559577536785079,0.039130630379118139,0.045351700993112906,0.1350340405592044,-0.081910133852370434,0.16526789637590802,-0.04647224731297827,0.12377384047908466,-0.10175763144885602,-0.087432172783318371,-0.0093679781237297737,-0.068104754228785744,0.011194886308354581,0.090188342148514178,0.099918298070357778,0.11688807249463266,-0.18169337018743123,0.018824975058400414,-0.021642144307869284,0.089026302708864177,0.091064935864463972,0.054887728664276707,0.046279551252918348,-0.074409668991501587,-0.0059383381163055282,0.0074187032830754195,-0.12245178686736477,-0.018378597065517817,-0.018591494298000204
0,0,0,0,0,0,0,0,0.75754365544272184,-0.025131041044018785,-0.03295136124171217,0.025595676520836448,0.11381696217553551,-0.017680308052956804,0.029465124270744127,0.0070640836407666633,-0.079395919668704323,-0.040415652551846565,-0.013962622247740888,0.10109255969368938,0.017813760875820563,0.072999677039509367,-0.041484717609617569,0.067924995789167442,0.0060193068615658155,0.050664680211420683,0.064779731834570656,-0.13008518568212729,0.18486578302232365,0.033633410001862291,-0.038103367332132113,-0.12390077130684525,-0.076813398946154493,-0.14356933803840446,-0.21877574660644225,-0.10615264456205654,0.034928488001998992,-0.023991021873664978,0.15834214048179218,-0.05998845801216629,0.03179302916682495,0.015874596223400556,0.027971145650385096,0.011532553607375961,0.040059834115704768,-0.099335671585199625,0.091087745522653266,-0.051082106795532288,-0.043552768432508958,-0.048843307300662997,0.00815031968212886,0.17266982309296514,0.1189366034756159,0.0074362086554835855,0.016816745345312505,-0.019865959236993462,-0.13852924284268592,-0.066204257626297267,-0.28544542998667244,-0.01929934321885127,-0.027085342767702719,0.049400273400677194,0.063526580976118727,-0.032583710434033228
0,0,0,0,0,0,0,0,0,0.75174307209023516,0.012361724267200351,-0.0031788467414530959,-0.058906482398156969,-0.0086502239143794058,0.053981315029058667,-0.080821045821134085,-0.12734199973282478,-0.10443833532724678,-0.041859707543805594,0.0038665439848727624,-0.10181348854649676,0.17462477974144514,-0.020980950238319435,-0.02636542546317967,-0.13476885786731047,0.00062073980957142783,0.12105861157996634,-0.04254938976022412,-0.10249026287883005,0.013934669305696029,0.0076507051217189403,-0.12730372548407481,-0.028736544182850529,-0.077446058804225421,0.13773822881701797,-0.041540677282635496,-0.056013631997607671,-0.045135551299310607,-0.1287796036893529,-0.091926423368998159,-0.047171280096766494,-0.041731843981482095,-0.2086528559640323,0.045547308758892409,-0.081114204931526851,-0.023522814605234105,0.096572635272273388,-0.032309183944053334,-0.08570012241883386,0.19067197171089958,0.10880179032614806,0.017212464266010169,0.11095089214250048,0.12577510513089796,0.047824869980670974,-0.014274066965215821,-0.1155944583639342,0.1181158353031901,-0.029789121023771313,0.093948106067658577,0.085957587629070797,-0.17513313401024913,0.0065938285561972379,0.05342825795661859
0,0,0,0,0,0,0,0,0,0,-0.74410121496613912,0.060891851617197304,-0.095421799325386414,0.016594713094422321,-0.0086773449617382602,-0.081319212975342073,-0.05944797252591013,-0.029287593023590016,-0.11023193451033682,0.10227866959729411,0.12429940680517056,0.015577090544784445,-0.051358447406804654,-0.039575212456357652,0.2130508889900391,0.10798465028107974,0.021252384918186588,0.078629440093026581,-0.037161152119522561,0.21499129031597836,0.071859539168536352,0.10502845456702406,-0.097436616583205446,-0.098869801649762903,0.30454688834532129,-0.023153634984045882,0.062666752376377297,-0.0011792407851600845,0.12647001639561789,0.035661856779146787,-0.016710764565495063,0.12708185763762,-0.064445121061262101,-0.086423972342368927,0.08405230357148924,0.019069585518215873,0.055498283907932315,0.07594059266787051,0.016725062403180387,-0.11769881749166049,0.038882743257871027,-0.061968107213028353,-0.090943199513378342,-0.0023447330753222041,-0.068550190870865266,0.027452424170145429,-0.028343545477876052,0.11472504978453572,-0.078985213785801672,-0.018399470735755704,0.074808976741834191,-0.053181995261331834,0.070385942432470039,-0.083323519540613317
0,0,0,0,0,0,0,0,0,0,0,-0.71455101742933302,-0.00030694832688229871,-0.031599553132621673,0.16919754381818614,-0.061970915780715334,0.10157293353011394,0.12105708637485876,-0.031614195869189295,0.016434054086776045,0.10216251122247985,0.017551565433515708,0.0018678352559944227,-0.11805828402787766,-0.012452865297594552,0.12884824579622994,0.10394191319182701,-0.079820689120950764,0.009251379926837569,-0.051108113139755197,0.13438805593785977,-0.12468198785414156,-0.00032389715220252935,0.11577755773084095,0.086214232602451493,0.095470417469541297,-0.027559048682419672,0.045737164522980767,0.039646081169442654,-0.10341111753305977,-0.033411474241428464,0.067459211755156831,0.17038908673283604,0.072657887539354704,0.1002609079609484,0.12325489118830163,0.057260163514050243,-0.044052396722695078,0.006037504871047498,-0.18668511669373214,0.045193631830714183,-0.048846711921220122,-0.091805251855978987,0.27801242917591479,0.16230516950698862,0.074503351026242226,-0.17577365881380094,0.0012392884511692956,-0.010171439793883217,0.035528182508398461,-0.011058775733833147,0.092575538943585736,0.078361095698576938,0.12348965991818252
0,0,0,0,0,0,0,0,0,0,0,0,0.73312056847189944,0.023967432055527711,0.1091290849700163,0.044759629132244905,0.13552528436543873,-0.076168925883001309,-0.017727480708597591,0.08263854227324062,0.06554652111659337,-0.048788619268494773,-0.037575437294630969,-0.19543399013248161,-0.045490904815080897,-0.16133675389048985,-0.004850712338705071,-0.081433111703705569,-0.18551207705817302,-0.10240578730755966,-0.12478752526468001,0.12276693415128664,-0.10641335136626612,0.025323750380570907,0.10156568122170211,-0.17241400287953279,0.048177692164690714,0.060493979326855338,-0.0071029029715674267,0.11133698976867672,-0.0094974713258668582,0.1110302542354536,-0.065011662870927453,-0.12705701390329366,-0.10957774233279709,0.043731407074302196,0.10420091661336901,0.13179811564749552,-0.027168031763828159,0.12361719933146911,-0.094808156622601322,-0.0901504888533603,-0.1581949800691709,0.0050844381516449155,0.11348333993528012,-0.051613459731490618,-0.1207068557897778,0.043593282920191892,-0.0092865367497980949,0.046981786692528428,-0.061568381804995874,-0.033724246288906128,0.10255620928918759,-0.082725984296679739
0,0,0,0,0,0,0,0,0,0,0,0,0,-0.71492845925967952,-0.0018551267598974415,-0.10528837767908733,0.062767471312252299,-0.069856080632103287,0.053640332221173995,0.033670772364708799,0.072920108794691893,-0.036970348610414989,0.013305516499810696,-0.038561137601068669,-0.071931522643050999,-0.14153599549851203,0.14891784351419782,0.10823639077629241,0.10508821741947184,0.13444005961592062,-0.02173190690938381,0.14873404452036876,0.052474520822572986,0.0087584303388579792,-0.10754207215814124,-0.01923267304503742,-0.088423157861592674,-0.12337868046336987,0.0026003380026779193,0.11062823767694657,-0.059957066116823991,0.14594495902070023,0.047191401275732174,0.1488326993702781,0.080069117681066504,0.015399793375096485,0.040866267645961178,-0.21550129556455722,-0.010453382315208405,0.10516325032015386,-0.11644923115005629,-0.01051637819202739,-0.026695396736532321,-0.0022508224437425466,-0.13204530287777486,0.051949711154797726,-0.16270594999829266,0.10019792600567351,0.14993011501692163,-0.24326117320881074,0.0076675611473720285,-0.13049757861476036,0.10330566640752477,-0.0097566850915733576
0,0,0,0,0,0,0,0,0,0,0,0,0,0,0.69325935301946096,-0.05147541201732355,-0.095749636642932706,0.12840585793837639,-0.011534850955901024,-0.0087150601432422967,-0.017860059857529954,-0.062216539454590804,-0.061602854121617076,0.23713186632282732,-0.07521016616081759,-0.096529560800705322,-0.14301008264057236,0.13590307233773746,0.0076924373155565929,0.2090549026093185,-0.094184994917105122,-0.086945644769052338,0.10293922024950129,0.096441769690566531,0.1064427033213682,-0.050849886061295223,0.10769445345052665,-0.13592523654639047,-0.058371526045958869,-0.013873493127727208,-0.0030562223372312875,-0.0888126974278831,0.024254532305170291,0.048575732539869146,-0.030058352712799812,-0.050284491606414433,0.16861461364641164,-0.033224929118107926,0.22942107497335948,0.034453947569115947,-0.0042448567509463511,0.10504477025245512,-0.051739173247244204,0.036226442154223368,0.053842448751603253,-0.13582626098886666,0.18988124710049628,-0.095456598522817571,0.012268431210171698,-0.10516874335332704,0.027451078633202133,0.015014753959533939,0.070565523995657423,-0.22073838329372805
0,0,0,0,0,0,0,0,0,0,0,0,0,0,0,-0.67173889331758407,-0.070428727690539636,0.10468088083662266,-0.067554688421676085,-0.00036333806736919068,-0.026728546828238154,-0.09935477191345482,-0.12385861211650924,-0.038654837336511608,-0.040792730073693773,0.028001213293142365,0.018735035661568773,0.16504763415103152,-0.048815004057306856,0.049828877093387187,-0.04000950506199482,-0.02153613289813058,-0.019433792879001193,-0.081164080628704088,-0.17998116302411474,-0.042214684734976138,0.014771619424866735,0.13902963175612423,0.10466408045449126,-0.14282420315039909,-0.041491332370870861,0.043212031147713208,-0.055072840789510205,-0.19727660599175864,-0.084241107742229829,0.12487850102371668,-0.015804414371216147,0.0734754415084648,-0.16664462095380111,-0.013662990000675768,-0.012251275572617345,0.17741185133398177,0.018065261017120124,-0.054607869202745546,-0.05706143626248001,-0.070417272748580922,0.011449596584796946,-0.13408508486344853,0.29428865793810888,0.19662865263137108,-0.25822465664922811,0.066966679124857903,0.10561698668322579,0.034200039426107186
0,0,0,0,0,0,0,0,0,0,0,0,0,0,0,0,0.65995996921729649,0.0054609618589713076,0.017169823877377536,0.08007950225877726,0.0080025551589044865,-0.0011041521470844531,-0.023491475733005997,0.13074240817413238,-0.00095600903198595941,-0.032780949067282308,-0.042823380734262576,0.047126528237558911,-0.024096991331339943,0.080772949338411781,0.14723932539154652,-0.043608922956834481,-0.12567985813452828,-0.090626967633626834,0.02690797029345357,0.018769916366507742,-0.17797726057140256,0.072992672078666138,-0.015293075368132382,-0.096940162627904031,0.0010091383451474338,-0.1200739661199932,-0.0024159464978350405,-0.00025488310596904866,-0.21985496580097244,0.13819154496636668,-0.0020132305206828948,-0.20748110805608957,-0.13756570531391785,-0.055991252976809569,0.10531738191746137,0.25603261695990548,-0.11224316577987398,0.037982746619227542,-0.20733489417339834,-0.17796894341367106,0.022398239864930933,0.085969460241894488,-0.10423596073163238,0.093740377624299057,0.13032428891331707,-0.047575790831214548,-0.15755882629174667,-0.22030631563044148
0,0,0,0,0,0,0,0,0,0,0,0,0,0,0,0,0,0.66286114632820203,0.079725091907203227,0.093351701136412779,-0.1361986564804355,0.17841462685176837,0.04543825901755378,0.0082667735311856907,-0.052991935447812256,-0.013712280683567857,-0.0078739837986490143,-0.022972268182076819,-0.056958318592681322,0.072205396869354177,-0.12105194920449748,0.18041949465912432,-0.12142192560840265,0.033221759271365399,-0.16736641804252345,0.24502016315760566,0.099445958920573702,-0.10912167095821343,0.089622952151515153,-0.069776035381182516,-0.13333202044108594,0.039445984099783803,-0.072308213193618937,0.086433872932321909,-0.023072639878688649,0.035272715695337034,0.1216133637456079,0.15550964964950026,-0.018914674641860717,0.034909383052405402,-0.1141737046314111,0.0079961100212392975,-0.054850193164133303,-0.17388482144467915,0.052115556121521689,0.15915047759595263,-0.12524227162838872,0.22147463846409579,-0.098733728377667487,0.10099122417707121,0.046908918508376425,-0.13614536913467606,-0.19453282515789705,-0.05638107785422674
0,0,0,0,0,0,0,0,0,0,0,0,0,0,0,0,0,0,-0.63245549491540043,-0.03216989381748607,-0.078081448362347622,-0.018981264731322299,-0.18716572790643513,0.12746726239350248,0.038887491948788738,-0.12051967201770428,-0.068943835209712992,0.067923846820626202,0.18589061620987735,-0.22231622991649577,-0.022640441616033874,-0.045066726542510399,0.091312857515285228,-0.30081700218074209,-0.080471871053886923,0.16972697166058942,0.052916422540578781,-0.084589040374744837,-0.12635397398669621,0.1512062053407949,0.086724216411779964,0.24496853368632004,0.12059464463381067,0.10053033617952721,-0.09932886857851457,0.014435512211041552,-0.10421549627238927,-0.029460835776114424,0.059858482238877436,-0.034883933848414754,0.0015605465833478463,-0.088084945939224807,-0.048390588347685712,0.075990572558552974,0.14960975905283255,-0.029710900974259977,-0.061631327551324777,0.15004403822128728,0.050785568312829286,0.11884087511021318,-0.063096600338175365,-0.073072145257121301,-0.12695375221395888,-0.1415164547365369
0,0,0,0,0,0,0,0,0,0,0,0,0,0,0,0,0,0,0,0.64062355348357714,0.020264224897304142,-0.020421949406703402,-0.030560254946210341,0.019614978839529923,-0.022625713186825529,0.010505509598600814,0.087665163633235343,-0.087585963481859236,-0.034048207490739335,-0.056567095651399932,0.15913645296537862,0.018625503098145674,0.036953623589717557,0.0066309259349614852,0.060812665691904404,0.11805287469603139,-0.015343966792688764,-0.024194921840855987,0.10432579003901328,0.26234428504194435,-0.12163913039446791,-0.0059022427245695305,-0.088015217316176217,-0.051226289954719756,0.062817069581972404,-0.087242444507408409,0.018455297619299562,0.016472158293944213,0.057978302455090766,0.1586740954067421,-0.14226036543482509,0.13491167721794181,0.22852533315516591,0.24919104761551727,0.037335226497022131,-0.063592202201940465,0.19351779798510141,0.047175477220114392,0.18149022856036517,-0.031648504282633438,-0.079176595114588258,0.24076964425432729,-0.28009001693273339,0.038225490334024129
0,0,0,0,0,0,0,0,0,0,0,0,0,0,0,0,0,0,0,0,-0.59865870558431045,-0.035750890412533966,-0.056889604014059153,-0.041882626985940391,-0.053430324407248785,0.070406218447356728,0.099357685825342448,-0.094776614302658185,0.14349975016788999,0.05779453320628105,-0.21289830752802449,0.16198934457259559,0.046964389527786067,0.0065630072585873703,0.10144010979124486,0.026668362645250496,-0.18311040671227699,0.26410013562423501,0.065874787095929532,0.028702709651385619,0.19597390746646573,0.038330509324295978,0.05270156823644833,-0.19365457649084222,0.074365491780335205,-0.1336635688717816,0.17755743750039749,-0.12214842276007172,0.26106155347056165,0.040938243066762164,0.14254504310482433,0.012703893020879736,-0.23233188513484127,0.12644901329154282,-0.20952667099153807,0.088220602554792693,-0.055102355485119985,0.044923833982008513,0.0022631677015919104,0.025624385289202353,-0.062395286830746022,0.11995647235183186,-0.053182783498646719,0.051924617325357247
0,0,0,0,0,0,0,0,0,0,0,0,0,0,0,0,0,0,0,0,0,-0.61727200456183717,-0.010345526211824982,0.065715766087174401,-0.15008708344940833,0.066509922163752261,0.17718250517965237,0.1062755557997499,-0.019232725371917114,-0.064832583433981461,4.7435798238811282e-05,0.1499733414981084,0.032698182149642444,-0.050748996316429977,0.17423769755148699,-0.055875206746063465,0.09133659866659237,0.075031789864314469,-0.22875847246018957,-0.29875856791365035,-0.20379307249220727,0.083730697203080309,0.15384846366771687,-0.090036650503845295,0.051205747923350642,-0.10073527073671504,-0.055332556606755151,0.049408395001310695,0.039994604438450355,0.024150017439069783,-0.038770412289239199,0.17951631129232434,0.17353003795159858,-0.10362611666935428,0.09790225471072779,0.027329172195111783,-0.10409644089222121,0.14011670871613405,-0.23855540320777427,-0.074728849778705572,-0.005801491633913366,-0.051844986352153101,-0.19027400691057089,0.087112824980136297
0,0,0,0,0,0,0,0,0,0,0,0,0,0,0,0,0,0,0,0,0,0,0.56572002424948742,0.013128624606768427,-0.16429587854547048,-0.15088195838270876,-0.072453504828535034,0.067337923367845609,0.044576507309755292,-0.010131370051845341,0.042337759261615177,0.083228508978674468,-0.11294243589346464,-0.15156674836824149,0.026327965766519097,0.29119684305432014,0.12272613236921517,-0.086280261662603303,0.0075875317289080049,-0.068870464673929793,0.057242030448430951,0.022412819758831058,0.1154734196696906,-0.14446435984587663,0.24562724178633849,-0.26407867339672464,-0.030510717425537473,0.040010285753128295,-0.17016039147341744,0.088628239250148899,0.12648973807505268,-0.006494792725659255,-0.081081914817087625,0.11667240942586812,-0.025274239794740111,-0.35445263807480704,0.0041812986438219263,0.11254215295006145,0.011957919405865769,0.112796370361744,-0.050287679642103338,0.077338017580444729,0.23749747402942567,-0.0234533578005575
0,0,0,0,0,0,0,0,0,0,0,0,0,0,0,0,0,0,0,0,0,0,0,0.60218824365613965,0.024478724717408397,-0.046922506559905028,0.002914525859576383,-0.15375967687268741,0.02911348332109617,-0.02680095621446937,-0.039535223735084855,-0.01356361135359322,-0.028668968536859289,0.21243801587664154,0.12088936225875976,-0.11051378363997859,0.060769166117149033,0.19682166671008935,0.12680949390832677,-0.080696883393926597,-0.046067136684746005,0.079697700321023093,-0.088542410276472971,0.16478840044812534,0.042465578147460034,-0.0023175150684846026,-0.37162818835646511,0.14569303399796579,-0.022837971657954894,0.17283769241068256,-0.23039951248687854,-0.04829342601582113,-0.077834716454657393,0.16901645016061481,-0.21026519932123833,0.058316610622439903,-0.1962901909883365,0.075458065942352978,0.024152721252577166,0.15744575682457279,-0.01296952855393569,0.04458991511345247,0.159126440830892,0.0082511205483593014
0,0,0,0,0,0,0,0,0,0,0,0,0,0,0,0,0,0,0,0,0,0,0,0,-0.52312576350550599,-0.10906041647381232,-0.048519825520375023,0.04154933463302412,-0.09861466116324924,0.12575376143530759,0.10811791953083903,-0.11556742105105815,0.074947612199047692,-0.27420770520038101,0.10523669427924517,-0.11900658101607051,0.00063704696798223609,0.076584330575814666,0.12558095774295128,0.063962134029468473,0.28704018405487958,0.013853602733480033,0.075040262979692601,0.049408118989706276,0.2928491733842935,0.15598157786905217,0.048237887222495821,0.17049320102080412,-0.036318308884047627,-0.12697416982114004,-0.25619148595920327,-0.11520104454775427,0.0062336511856205187,-0.054739916167986548,-0.11797647581269587,0.022803463404808239,-0.075016075866195076,-0.22995221578021222,0.0075647236456766603,0.08412884825293851,0.20512111629784979,-0.053715295972073071,-0.26622714364571876,0.023858390102292168
0,0,0,0,0,0,0,0,0,0,0,0,0,0,0,0,0,0,0,0,0,0,0,0,0,0.53751259900970361,0.035649481138440291,-0.11483638394740535,0.13529141760798855,-0.062571529487928088,0.068204819395288566,0.0020739452336061099,-0.12749797537100094,-0.13371353564678856,-0.056790157480957094,-0.1135866561648393,0.0032915644457676132,-0.0029522650890743533,-0.16046253331611157,0.12559835707292877,0.046318209080943334,-0.12421176353403972,0.11366601619567425,0.093231157047832219,0.097483399256602349,-0.062117153616191779,0.0028707599299821313,0.15482687061250203,0.0033904223815298951,0.19265396499426402,-0.21854012126817557,0.2906484781535415,-0.39185422204059511,-0.070027693229519877,0.15066177984871859,-0.11933042445347859,0.091617707864617648,0.032156082186114175,0.21764908907521655,-0.030870328280836936,0.14970587665648549,-0.21813053443118563,0.077138195557833272,0.054443918987564489
0,0,0,0,0,0,0,0,0,0,0,0,0,0,0,0,0,0,0,0,0,0,0,0,0,0,-0.52853670294763755,-0.0626110713524409,0.096880633532837296,0.12970331679646369,-0.12687699775750355,-0.086925939643913319,-0.094985798313287018,-0.096276167211693464,-0.065651198573250885,0.13207775691004819,0.093247674630654448,0.29778920725958602,-0.32022916314846162,0.18582358070106017,-0.29417230518231102,-0.022769063795734588,-0.19999194068094411,-0.19665953178328344,0.20020642566476865,0.20155323398781516,0.004415716588076643,-0.12506008046403716,0.0056819008347910871,-0.059267665209773654,-0.077381997976084596,0.059939018036121949,0.054140471538378393,0.13219736371549007,-0.016433770222463222,0.0086825051553555271,-0.17646411702091364,-0.010909034581222124,-0.052754609340798245,-0.17586974713349562,0.022450551365316852,-0.054075803058365068,0.016190585231456535,0.16653983256437485
0,0,0,0,0,0,0,0,0,0,0,0,0,0,0,0,0,0,0,0,0,0,0,0,0,0,0,-0.51876556707857946,0.049181709170180513,0.14074776687524271,-0.031560362969964235,0.1977604505279002,0.29583151093949667,-0.10059261615921866,0.1650118257083496,0.076987908885492243,0.098215061041260654,0.085186026304367238,-0.060187029758696747,-0.21671982618279564,-0.027851147464047158,0.14507202988249554,-0.18096232578415339,0.10537713004075883,0.051937494761071332,-0.063767645953839838,-0.0092056749305245347,-0.264420419177468,-0.30020974806001832,-0.065747656990102932,-0.00061798647821592362,0.0047687897336675476,-0.070956394347281876,-0.19341913627859833,0.2218175176211406,-0.0033114350240160402,0.04514057311824185,-0.17355509231646402,0.19394707988507934,-0.02249270678373267,0.035284177336861608,0.12600258299874587,-0.047262925750204007,-0.22815976936299698
0,0,0,0,0,0,0,0,0,0,0,0,0,0,0,0,0,0,0,0,0,0,0,0,0,0,0,0,-0.50486852655003078,-0.020032289556004376,-0.079430155769893165,-0.1356102614773374,-0.070772170355248049,-0.044343600232395579,-0.076333554214879112,0.18200360843834182,0.15092903900828775,0.018078614545558681,0.068384707572770861,-0.039877110026885057,0.26387304625426894,0.18223079913468043,-0.14127256823880074,0.0096482754705159435,-0.12217618998496088,-0.31801615638953346,-0.23745585221609278,-0.071121646189636206,0.065780068821074122,-0.19295059586778657,-0.0064442400921642939,0.27016208666483182,-0.14533102790450739,0.14181280236401983,-0.012316461243493008,0.082903983740529291,-0.06750912101377067,-0.082907974595836181,0.044478805472848507,-0.36437811788990743,-0.029579905327117798,-0.15291626826937205,-0.061955978617067933,0.084813520128138559
0,0,0,0,0,0,0,0,0,0,0,0,0,0,0,0,0,0,0,0,0,0,0,0,0,0,0,0,0,-0.49471148848631397,0.031394112485461353,0.077276610255773093,0.04659132178670166,0.055279553522256435,-0.091412046660398191,-0.10770957398386755,0.31269555415800054,0.0024070242433502594,0.1644746022653153,-0.151882219684422,0.044253728260437275,0.068117959587905466,-0.2329741252633809,-0.039209157369593468,0.23056772635984615,0.24903455605473188,0.12056658657612215,-0.092442789872430278,0.2491812877190116,-0.056303902451991274,0.18975822747512269,0.14303047745263717,0.091263091573523789,-0.061964068492528022,-0.13332075935297805,-0.12198057671666902,-0.038748050598142035,0.13935709751169933,0.20123233952409281,-0.053344876880564836,0.36565766491030111,0.017995835346903275,0.059061954880547073,-0.078811194948451263
0,0,0,0,0,0,0,0,0,0,0,0,0,0,0,0,0,0,0,0,0,0,0,0,0,0,0,0,0,0,0.36803269589917087,0.052574318733523445,0.3088386748807444,-0.067330034031178598,-0.2670997950135261,-0.13000789947106056,-0.03136973671002969,-0.076480369692380368,-0.18562639129419964,-0.2027031556459124,0.084260765612532942,-0.25712901969029256,-0.27030496090322564,-0.25904946750991042,0.033706401590012806,-0.12351634733758976,0.04807762606799474,0.10608890363036368,0.042948921275792175,-0.16441019226984258,-0.25108488185297745,-0.15324343221430578,-0.15767686548588722,0.18986465946393644,-0.044452128918825107,0.13170151469460442,-0.050948778633040592,0.26805155060455005,-0.049991936543722922,-0.080242042570962097,-0.15037776163334404,0.039834191550845784,0.054267608548280243,-0.20430258315216437
0,0,0,0,0,0,0,0,0,0,0,0,0,0,0,0,0,0,0,0,0,0,0,0,0,0,0,0,0,0,0,0.39796158237057766,-0.035520617425377828,-0.27916648175351505,0.040093360375275382,-0.037258082623442552,0.090181893761112478,-0.2791747880014816,0.1670781462177485,-0.11631879254666026,-0.11047767057740171,-0.25742156796457855,-0.15044041841511985,0.061774153697588131,-0.079740174942034156,0.17262740709334357,-0.21198924385068704,-0.21726515276462582,0.28011387443159919,0.036837493159254574,-0.036956443273189608,-0.078407275415404334,-0.16219835553583162,0.17791492600336278,0.075427854657526647,-0.1473922749164151,-0.056831023181060987,-0.3023639463791592,-0.12457805579680717,0.091256704351007814,-0.13882637096429926,-0.064982514276819239,-0.058162358769710716,0.28391418208683822
