-6.2320392003896307e-10,2.8338580988727404e-09,1.189129580441925e-09,-2.9034685388389935e-10,-1.7692421175662296e-10,-1.4107352142698491e-10,1.6932465716151566e-10,5.5498654356407337e-11,-2.6080607418257305e-11,-1.0455677220297225e-11,3.0666615613225442e-11,-1.9273732709014295e-12,2.4765992618710711e-12,-4.4602216687245784e-12,-1.5811480562677085e-13,-2.6342573412183445e-13
8.0658600920733721e-11,7.5733359948425361e-09,1.1465199672638616e-09,1.3629506720474168e-09,9.3711604671532798e-10,-5.0664263904689271e-10,1.7566262523464852e-10,2.6404790787199648e-10,7.096173903729134e-11,1.6746328163616513e-11,1.0874602246641538e-10,1.038477949749558e-11,2.8683986193220352e-11,-1.1425226313180779e-11,2.8263723506778443e-13,4.630332202703992e-13
-6.0526214867976256e-09,4.6792757424990669e-09,3.3191596635155367e-09,6.5561536020614469e-09,-1.4521803742785144e-09,1.4098857058368339e-10,3.1951412596874967e-10,2.9515819070598117e-10,7.9894417751421226e-11,1.1971363418963975e-10,9.8713385512905291e-11,1.8438058792644168e-11,4.3944353180296375e-11,-2.0873353621015385e-11,-3.4059491355419153e-13,2.9944933027339562e-13
-3.0128414223358588e-08,1.4508647762814737e-08,-3.8830311661538819e-09,1.3863501129015105e-09,1.3509987032284989e-09,-6.5355431940598061e-10,-6.8272779047899564e-10,1.1646879256412039e-10,6.3353747211913169e-11,1.7848995401960822e-10,-6.7752426996845324e-11,9.0828572708041312e-12,-1.4138473367796295e-11,3.9573962388845759e-12,-1.8001063393931005e-13,-1.2210353084352952e-12
5.7553222341971497e-08,-2.2283302647835678e-08,-7.8915375263812186e-09,1.4917954661224554e-08,-6.0666238012891198e-12,1.294827715457171e-09,-3.2551233023992791e-10,-7.8418847971943482e-10,-1.7833110209805355e-10,-4.1900934715524764e-10,-8.4930615681113943e-11,-4.5351682744932589e-11,-6.9610683376657926e-11,3.0993147142606101e-11,-3.2386255092115941e-12,-7.0638393628307636e-12
-1.224327684563145e-09,1.1528948952370126e-07,1.2846431341237715e-08,-3.0510382822571638e-08,4.2516654521974333e-09,-3.6903510328311969e-09,9.881224253323091e-10,4.0128367117404211e-09,-3.7096316509765463e-10,5.1650860517576399e-11,9.9939416484462761e-10,2.1386252206637715e-11,2.1985948324289623e-10,-1.7795761750350576e-10,1.8406434377105173e-11,-7.8768411092210524e-12
-2.0913270029198742e-07,1.8969578922722171e-09,3.106432837609657e-08,-5.2223682336298857e-08,-7.0925575590261235e-09,4.0069121228344102e-09,3.051979046246063e-09,1.8685381840290078e-09,8.0450831938320131e-10,1.8007846453158854e-09,3.5223130050097043e-11,5.6267766976552887e-11,1.531040502040258e-10,1.2058384445351957e-11,4.8375904178486331e-12,4.0277160774406119e-11
-3.8713941587173455e-07,5.5232030242857214e-07,4.15614365706901e-08,1.7309810846994542e-07,-4.487197801269652e-09,-8.9022081287895012e-09,3.172247508464084e-09,1.0099491836141701e-08,2.3540320157379137e-09,7.1699255572646716e-09,5.099488000730115e-09,2.5422871485219365e-10,1.6249026044361202e-09,-8.0586570753672246e-10,6.0269728931888411e-12,8.2363487684066686e-11
6.3958085187747465e-07,-5.2107335087100522e-07,-2.0110665737973684e-07,-1.6683178786045677e-07,5.6664114321101542e-08,1.0990349735966223e-08,-3.819091312503045e-08,-2.5081220656894908e-08,1.5491002695397947e-09,-7.9170686214550544e-09,-9.1934177211206697e-09,-1.0690930633493019e-09,-3.2196789109590002e-09,1.738197095585514e-09,-1.0933866508855244e-10,3.2356617560480591e-11
3.330739308804644e-07,-1.143719697613818e-06,-1.7641782522541578e-07,-2.3058791609845761e-07,9.4854596979413491e-08,-2.0896247820242064e-09,-7.9623463273011027e-09,-2.0465158249660055e-08,3.6278420221206207e-09,-6.7737277067211916e-09,-8.3039605002108501e-09,-1.761543934863054e-10,-2.2825205400316823e-09,1.4168007547289911e-09,-4.9090118593803253e-11,7.6846142659054984e-11
-2.5020418459825464e-06,3.0749290551864178e-07,2.2285657193143298e-07,3.2406900709054302e-07,-7.976279860231325e-08,6.5782213975164579e-08,4.3270341315960881e-08,2.6945186963180379e-08,1.1626214123832635e-08,1.9203470014180567e-08,8.9042184111477014e-09,2.7717884005718406e-09,5.0810556553835401e-09,-1.6095569980760791e-09,1.8547384128804305e-11,1.8089223119822392e-10
-1.2714563734939015e-05,6.4452949975419371e-06,1.606269626595502e-06,6.8895809392376112e-07,-8.041845160014747e-07,1.482079352356371e-07,3.3581792984735652e-07,1.2996666958548596e-07,3.6605701659663109e-08,1.1903169845829437e-07,6.7813986603930736e-08,1.0092344727562964e-08,2.7975533219033908e-08,-1.2014630440718675e-08,-1.635812501431707e-10,1.1173732291884537e-09
-1.117215365408639e-05,-3.3554396903509811e-06,2.0997964502544536e-06,-3.0127064691447891e-07,-6.9863198957412631e-07,2.3956744666706795e-07,2.0244359688439933e-07,4.2406148817843937e-08,7.829323846124409e-09,5.6423548209477797e-08,-2.1139438800435685e-08,4.1109848851814428e-09,6.9460602436381679e-09,-1.5453263695326879e-09,1.4356732637248405e-09,7.1546027417568581e-11
-1.1695176872546215e-05,6.1914734497648984e-06,2.8534501487220434e-06,9.8816231558198714e-07,3.5890905533652999e-07,-4.0334048492521956e-07,2.8651139957189932e-07,2.6454846773815255e-07,-1.7556228768019221e-08,7.3322617163451314e-08,1.0999791305599034e-07,1.6931529009549901e-08,3.3562328194925037e-08,-1.6341784292148244e-08,1.3613074278346217e-09,1.5017696586500615e-09
-7.9948437406214426e-06,5.5714411887935933e-06,9.027064648566563e-07,-4.8523451319947559e-07,6.2994354141173008e-07,2.7849060589251361e-07,3.8348311309508173e-07,2.9398379827488713e-07,2.3905943362309086e-08,3.5007512111324238e-08,9.9154466754882763e-08,3.4234045420342408e-08,3.1874316480190932e-08,-1.3491447195100889e-08,1.7771068341127236e-09,-6.5532310744301853e-11
0.00012177301992927014,-2.2089501301800274e-05,-2.5023823201194244e-05,1.7477471927485017e-06,7.1530670403146906e-06,5.8436645661842251e-07,-2.6504016087948447e-06,-1.4638905309943784e-06,6.019082083412166e-10,-7.5289310359353398e-07,-4.3982908603459818e-07,-1.1101274816888789e-07,-2.1848053892739576e-07,1.1011012933906161e-07,-9.0774049070351736e-09,-1.5603327480816205e-09
-0.00013483842948060272,3.4209902336305966e-05,2.7831289353062505e-05,4.2693535063885559e-06,-4.4642587569262776e-06,2.1735543556289291e-06,2.9566835684568003e-06,8.0599291574676745e-07,-2.7396100811721184e-07,1.0405484269887697e-06,4.0885920632583891e-07,5.2399512855078982e-08,2.0786695922057072e-07,-9.4259975909461923e-08,5.5524733343317675e-09,1.0031168138536521e-08
-0.00034319412228298583,5.181477597480356e-05,6.63879114940032e-05,-6.2946036621367346e-06,-1.9943683838828478e-05,-1.4055198165527432e-06,9.0974690856986693e-06,5.8543276810703799e-06,4.7933313386115905e-07,2.64497647873581e-06,1.6905673237828006e-06,3.9334931196093072e-07,7.9041220245928137e-07,-3.6824010877686986e-07,3.5386414139861269e-08,1.2155453693765397e-08
-6.958704422954022e-05,-0.00027813570616440141,-2.9945345142680138e-05,-7.4004529285974624e-06,1.4207101466487442e-05,-6.029028446369814e-06,-5.2791404582930878e-06,-6.1799808496319107e-06,8.2999247445525497e-08,-1.8383559806713463e-06,-2.0952638877232489e-06,9.2463986232296697e-08,-5.4907583246083681e-07,3.2445334869346608e-07,3.7064408182710041e-09,7.7201579400457388e-09
-0.00091640429003827443,-0.00011146195787982533,0.00014607829534490907,6.5792180807589125e-05,-2.1923861053916736e-05,-8.0492528341461978e-06,1.3213929602157086e-05,6.1292568896938798e-06,2.4159157832334001e-06,2.9693780199136748e-06,2.28735369114101e-06,7.4679116509676814e-07,1.2771388893634844e-06,-4.5826006548426255e-07,1.2447537092140103e-08,6.829914891261159e-08
0.0012615825595644955,-0.0010023509456316615,-0.00034419947487894319,-0.00024830703961143817,0.00010195124702170175,9.6112160571913622e-06,-5.2634603848788393e-05,-2.3717492391026715e-05,2.4869762902488306e-06,-1.167100247995736e-05,-1.3319355441760428e-05,-1.0007339918449681e-06,-3.5808089314246163e-06,2.2244623989235342e-06,-3.9758285101985711e-08,-8.0305777442881767e-08
0.00027457270844473013,0.0002105675297857673,7.8172985464872597e-05,-0.00016732528707952973,1.1533297127911806e-05,1.5324111265759665e-05,9.1110526392762739e-06,6.4758373501530445e-06,-1.4267744174826014e-06,-2.2915178074771441e-06,7.8763574710675247e-07,-3.2321051311730104e-07,4.9393854786638957e-07,5.8239469587599683e-08,-1.9072567112614015e-07,4.6330522237853019e-08
-0.0013536366233879169,0.0011657022583006296,0.00029823661630798458,-5.4049372673300745e-05,0.00018214820799067273,-9.3445359516181542e-06,-2.0765376090119634e-05,4.5619817983472757e-05,-1.0739363210387991e-05,6.7027056384498741e-06,7.9595585856504713e-06,9.7466750570057198e-07,2.9570054206413323e-06,-1.5267502974965417e-06,3.7630096581988592e-07,1.3141986332397337e-07
-0.0065292453030346672,0.0015984867585326396,0.0020916970795224277,0.00023678696591076186,-0.00037383727463759193,-0.00020968151637508042,8.9809128338234307e-05,0.00014749342776804698,-9.0562094399724258e-06,6.2529905619375983e-05,4.4198815547297405e-05,1.1806783340745754e-05,1.8219775053217077e-05,-1.1081270670944355e-05,8.9355276828817679e-07,5.1451590411053917e-07
-0.0037527500362608815,0.0066469357145330756,0.0022612865214843699,0.0019245881031499936,-0.0013111303445441373,5.3941628671945777e-05,0.00030738465791699672,0.00012545094237203513,5.9889632007766421e-06,0.00010138916064805966,7.2992165228144679e-05,3.910886347964882e-08,2.0311692871699016e-05,-1.2097396083015447e-05,2.2428045431439605e-07,2.7767355018535107e-07
-0.073865266899306642,0.022278970208964091,0.015239608112502566,0.0056854745847695993,-0.0032022174084736514,-0.00048622861573482116,0.0017592776995386916,0.001155488971782536,4.0942174557757174e-05,0.00057649170769630915,0.00043847269586096805,8.414991607927198e-05,0.00017213691863670629,-8.8325118564943554e-05,6.8707760746028627e-06,3.7021656278195631e-06
-0.054736580481082799,0.01560234174258779,0.012526671355291759,-0.002067557737264655,-4.7103517406065346e-05,-0.00049975765268974988,0.0010159666937671001,0.00067168667198471061,-1.7854762607011237e-05,0.00034782163620620691,0.00025395930744252814,5.7920175723543594e-05,0.00010204719806397083,-4.7002212399137986e-05,6.1637261122377992e-06,5.7441855751512274e-06
-0.023268725887081367,-0.01087627065175205,-0.0056503005077054077,0.00018034974794561305,0.0019965577726836175,-0.0024528979245199301,-0.0015328051962232299,-0.00014670404259843573,-0.00022269956719262637,-0.0002020426300970118,-5.7428561087705452e-05,-2.167820144126742e-06,-4.9232121049460819e-05,-4.2075800524379002e-06,4.6562296932803751e-06,-5.3972652096110372e-06
0.2180482163499628,-0.07690140764920507,-0.052634327908989878,-0.018909092865044001,0.011509523097756172,0.0024452388051767857,-0.0045486387924417275,-0.003780845808916702,-0.00018925322938644597,-0.0018523157720276948,-0.001455182973203248,-0.00018927411737805494,-0.00053329259329337763,0.00029379433316826029,-1.2517992157537041e-05,-9.6026814264847685e-06
0.019445753599119039,-0.085827000862716316,0.013752612668118747,0.073658551299178657,-0.020333667907816426,0.018762353842276001,0.0029969406290357454,-0.0062821675783597108,0.0010786734982845367,0.00074777221116241108,-0.0017593995872356698,-0.00013171261793288021,-0.00027623980480072992,0.00025099674179928608,-5.3326818084626216e-05,6.103383470452631e-06
-0.16160634645194338,0.16758797282830049,0.04105907002795714,0.030027203107465126,-0.0067848445005955719,-0.0047517444450892168,0.0044044780283307586,0.0045965424737335111,0.0010406918837067875,0.0022069865089707303,0.0022336472528122317,0.00023664241075862266,0.00068916746531329611,-0.00036056901569763984,2.8325683400162585e-06,2.1076094992957324e-05
-0.33094536784942014,0.37109940217276044,0.030273510922129265,-0.054964493544313049,0.041029073357739143,-0.0042283795445821025,0.0048419490412232842,0.0048247390306371211,-0.0008630352379105443,0.0044413485921111035,0.0017470670329087082,0.00029916189362736296,0.000694477929259834,-0.00031853857027010706,4.5174522396298885e-05,8.4594373255674521e-05
