4691500.3798128655,-100709.68851450431,460655.06568188069,26810.384895964085,-30267.79632765818,21290.127654660788,-16614.673907265329,23807.03748872791,10477.329638255533,7777.381648734302,4348.9191746267234,1722.2163081852943,532.60918548598988,-40.3306873862728,-11.614604510941248,21.545588662905562,-17.196818526634384,17.998230811037555,-1.5387769397869444,-23.386069764398211,10.538411559179192,-6.1599601231141303,1.6894260456660011,2.2600350402873479,-0.19572627332669001,-0.18281561021883352,0.014479617400759637,-0.011146238390905415,0.045703633844442419,-0.0012591105202004443,-0.029501746262800353,-0.010599011636369796,0.0038752010876021981,0.0066186434271708495,0.00011304854611471675,-0.001221491454495815,-0.00028475949046350405,-0.00014259213752442897,-7.3381285098493283e-05,8.9643935802366325e-05,2.6940482561366405e-05,1.8229647690819974e-05,-8.0564031106553995e-06,-3.6427063941569124e-06,-1.0530920336798602e-05,-3.814672781274863e-06,-2.8817722490330602e-07,-1.0962911890807918e-07
0,-2764760.4214111427,209593.70337804931,208802.56517092115,79820.25412570253,110823.64021254244,-52529.825600360593,-7101.1694746606972,6440.4176904743808,5275.7120861077983,2952.7489102670838,817.58396431805909,218.83529774897022,350.05708339419954,-97.350300396464704,357.99431191019119,-106.58191058827911,37.903752132430085,7.8599417132630025,5.5782464318751872,0.12723372843874875,4.2871628170512945,0.065726011537191098,-0.60986832381904532,0.43722260601267898,-0.060411150253957303,0.23585613672136568,-0.10734751814941275,-0.070420067450945395,-0.0089840346305399364,0.091424915170908033,-0.0050067894555473197,0.0010339590205311387,0.0012633372493116024,-0.0022815366588126041,-0.00019937777682441939,-0.0013406705226139013,0.00057077853705782538,-0.00024553366642573576,-2.8684645234956609e-05,-1.025525988139346e-05,3.4149353643885654e-05,-5.4372662967240482e-06,-7.5445086462824607e-06,-8.0102791034173182e-06,-6.9807684369916007e-06,-1.5446433363303798e-06,1.1404507993365324e-07
0,0,2104618.6990570654,67399.662195730882,-150482.30948033652,8705.1873828348744,58177.437607418462,-18341.824598876894,-4915.339732432446,3111.8797664545777,-1462.461299640933,-714.91831329274419,-427.33988647459563,74.29266556330235,49.245926812486701,-52.51020247529906,133.75361374611981,-6.399083624761472,24.716871663048462,-12.797037700045479,-5.6310837153726014,5.0388446102433084,0.29449041516970259,-2.5105034015955101,0.18046136672708912,-0.085267406695397049,-0.0049199241515152084,0.17739064349814426,0.050265339844985824,-0.028412404656290594,-0.011479994212610745,0.0044323507403405708,-0.0037476636214182303,-0.00014537151902563789,0.0012345302469306686,0.00019472498579071004,-0.00012352052734684627,5.4719652563120879e-05,0.00018986163737286287,0.00022594402640468969,-1.1308210830753576e-05,-2.2446564275308945e-05,-7.3327073316670805e-06,2.3657015098594775e-06,3.459046769169479e-06,-6.1912549593937116e-07,-5.0135352333290602e-07,-2.0967992275655576e-07
0,0,0,-860116.62933154532,-160897.06783114452,10557.956964104998,-16767.611737547712,10590.552542498475,13080.590576064998,-9099.869747712266,4592.7369473488425,987.05443008266207,1043.9542759976009,58.106477224434649,84.407523553296485,9.2800740364104737,-86.959367720344403,-50.368922341289782,40.52913422606342,-24.761374041051756,0.85462209430746927,-2.2734106614022362,1.1234939550686172,-0.99513244280140334,0.022002225799194024,0.45965312349488979,-0.11217605767886503,0.20736544631044365,0.027639340385047732,-0.0062478377472581711,0.012263776293429092,0.0010476309061069715,0.010624115862635475,-0.001848776428140658,-0.0008906446136171031,0.00073812621649364991,-0.00044328402424154942,0.00024118906275188756,-0.00016533474233817926,-0.00014837191027178816,-1.2119311717840691e-05,-8.5970893638072075e-05,3.993021956004606e-05,-4.4245033438231482e-07,3.1144561298479117e-06,-3.4396448367820842e-06,2.4532762682474371e-06,6.8677227960719669e-07
0,0,0,0,-629370.39572158561,-66040.853754064898,-29869.882956450459,-4111.8998084871946,-6488.7770293183421,-115.04888425993421,4298.8556869841168,-1599.9163038662039,-58.194391033312307,-252.83690834008613,161.48353557164941,267.00392230982953,-1.5824411207581068,-76.433618821339778,-42.601391260219053,0.64723543504107672,-1.8603496992227699,-0.9916469762607717,-3.053241825078691,-1.3486069622630124,0.060139865682791643,0.60633994072115738,0.022608328110024653,-0.027471962975934072,-0.087654450855262023,-0.018461286017828021,-0.053607279572764434,-0.018443506243137384,0.00074426283294759207,0.0029972238318656278,-0.00014801761221095735,-0.00045108717115332532,3.605749069097571e-05,-0.00022029133912145516,-6.4257599958391159e-05,0.00014881831245752656,8.3292304677775781e-05,1.7112798331101877e-05,1.4427831078733282e-05,1.391431249188235e-06,1.5909905698469335e-06,-3.3214801300124942e-06,-5.2102474086726013e-07,-2.5843692155282567e-07
0,0,0,0,0,-279115.04235352034,2253.0350883550295,-16437.43702887373,721.69994949429474,-2511.1700205629663,-758.83083796124515,-412.70361495011969,-1173.046279492532,-137.57028211233595,117.29883385029095,-227.85819640806403,-129.23487987153936,11.372795662237557,-62.199501100069597,-27.292842750760897,-1.2839218044912142,1.8330502381822324,3.3608183471503428,0.20154221585886695,-0.63061964802360593,0.14897177428629346,-0.032717492930822385,-0.11612536220195377,-0.053758252130161097,-0.037079631100964967,-0.0069995555372366677,0.0079372644322936378,0.01683255973637296,-0.0014879202265266598,-0.0013748087279553361,0.00048196952628922548,-0.00059991528639231971,0.00036864277199244699,-5.2392194738815327e-05,-0.00010544238089634039,-5.8523445977839106e-05,1.9270148266290941e-05,-1.3865669165744146e-05,1.0101220623358967e-05,-3.6202847373640491e-06,5.8079869079097559e-06,-1.3328802984911282e-06,-9.1518757403518084e-07
0,0,0,0,0,0,128628.29853082572,-13756.525228029981,-21590.274029641878,-6658.3299474682217,1392.2631106739027,-1741.167747271043,-1045.8954751773547,-155.07048064424035,2.6280673505913277,-142.20266776692208,-25.302177114566263,-67.561571392221708,10.480720229349062,-2.4646788560151807,-3.7964279462358643,-3.5613698529174727,-1.7944595566446468,0.78978494936717913,-0.69090745337273574,-0.12073439975412885,0.020096356598320257,0.12257993337763499,0.054499874913763374,0.02337263594806642,0.069632334536420246,0.0041913000814496311,0.0041038994910080808,0.00036767246004207723,0.00025370144745913089,-0.0023816734386311552,0.00024403722838648489,-0.00033173153619210259,-0.00012113223354204636,7.6516397767314269e-05,-1.531176406031809e-05,-5.1102837364131178e-06,3.6849716164233278e-06,2.035732239037347e-06,-1.0967930796992386e-05,2.9376697594531867e-06,-3.7401413681894265e-07,4.6219915785578021e-07
0,0,0,0,0,0,0,78532.783569962659,-5223.5293223901972,6699.9592880495084,-5812.2555641296349,-1489.8346443203654,1119.1444386040603,-506.7086255105873,265.56707233860675,-291.63387485526846,22.642491823125756,-2.7194754748928114,-6.1215245381429373,-7.5456341505484366,-15.103246327354157,-1.2208858522775901,-3.2733619897104167,-0.30582577373569148,-2.0627012219535201,-0.28128022263004782,0.2183452386558937,-0.27985229212783158,0.037692630417904091,-0.014488063206915468,-0.10295445185401525,-0.019193914628660932,0.0040240543008523344,0.0022693569392728541,-0.00072249590152402056,0.0023683036271477439,0.00043776676898575113,7.7416384049312282e-05,0.00015941405298704816,-8.4256062953602981e-06,-1.2232666689690126e-07,3.6248484943225525e-05,-1.9085819112818146e-05,-1.2493993813085949e-05,7.41319183300257e-07,1.6809443283737213e-06,9.1837305780952131e-07,9.6157323582730304e-07
0,0,0,0,0,0,0,0,-42884.671134132899,-3452.243071885569,-758.55481887693009,2366.732788447192,465.69552548631435,-307.77227452819557,12.87631778958545,-71.533323866400679,63.688032457089967,2.2013849343232925,30.302991957599126,0.8423979280863757,9.007118154457725,-3.5509548254728251,-1.020446873270568,-0.11681277899300627,-1.2828274181647144,-1.0981153025722401,0.15808111408513839,0.1632495876728271,0.0049111282395430675,-0.0025036230018733109,0.051552681586576048,0.0035134410407402805,-0.0018773159926643772,-0.0004026969710573036,-0.0046726340637862586,-0.00069805711729110573,0.0006979606359438969,-0.00026319330926129653,-9.9656149939457347e-06,-3.4539593464327542e-05,-9.0166630389928907e-06,-2.6877363783092886e-05,-2.7960411684726758e-05,-2.8458624708982898e-07,6.5716636671608555e-06,4.2557178763497601e-07,4.2795363155508275e-08,-2.6620068572356427e-06
0,0,0,0,0,0,0,0,0,32692.541658972397,438.84157661874764,-1029.2503816553888,-369.44175248823768,-592.73686169196742,-6.0991144797439407,113.92633533446873,37.042372880892586,39.613853623446438,-62.996929285085294,-4.9709617070471186,-5.4377158234213532,-3.982110055907687,2.8344477917466353,-1.203607654639484,0.50187369759113265,0.24617506653695656,-0.054300507005996902,0.13839483232959088,-0.09154374931406653,0.02087110566088236,0.004533981200088924,-0.0113504757801355,-0.0025700949995091401,-0.013218842897562508,0.00043500746116242417,-0.00022035211931930042,0.00023275810420975168,0.00036995293130440848,0.00044792094161932237,1.5251241992508748e-05,9.5271624215385683e-05,6.5590933082914008e-05,5.5482023374258382e-06,-6.5290434719692246e-06,9.9005526757316845e-07,-4.2165152823419272e-06,1.1496110721733088e-07,5.1402463236022539e-07
0,0,0,0,0,0,0,0,0,0,-14978.496654867684,270.04077364142347,1110.416877205834,1227.304719589001,762.09725737377403,200.84860131341625,178.93890687949317,36.641173990081114,18.906810858263356,3.3009540049513686,11.18110168215763,-0.24024303168344652,0.73610010816159233,0.18192606027094468,1.1869892525831016,-0.14254384957186714,-0.20450789836878105,0.04309324497863392,-0.021344312487235211,0.01972065465869309,0.040363620318657326,-0.0024458954539895985,0.0027430237840942811,-3.8470022686354534e-05,0.0033371873110915511,-0.00082354841090570303,0.00040388092577319461,-0.00032286464796763383,0.00015786974408830845,-3.9859070599278003e-05,-9.733344990691779e-05,7.9636751215046397e-06,3.4971104750765188e-06,-3.5224302515325322e-06,-5.275644813550057e-06,-5.280875941305899e-07,2.3625889885848258e-06,4.0824300366936715e-07
0,0,0,0,0,0,0,0,0,0,0,-4937.8639980713533,-151.8986623752142,-450.1875313235177,196.61427339714555,-188.34975984722254,143.54809465215831,33.880320719811088,18.199998424941445,-1.523323713641191,-4.8485048292540487,7.3505471375610005,-0.28334256184024892,-0.19755823698995467,0.96731728813957785,-0.23173218350309086,0.20271521222204433,-0.074175065389890646,0.039348122259373911,0.031458055242149688,0.090461115876603271,0.010088148773123496,0.007308792608173036,-0.0028975109207341637,0.006573759184804716,-0.00027186598142545803,0.00020971507210934144,9.4511191534615605e-05,0.00025527916935164053,-2.2903878439674359e-06,-9.1295798619802883e-05,-9.0923504732217555e-06,-1.3280440188845047e-05,-3.906219326716434e-06,-1.8801609020280529e-06,-4.3788402858583753e-07,6.5880056320811671e-07,1.0549036717765887e-07
0,0,0,0,0,0,0,0,0,0,0,0,-4073.7929829268992,-349.93663194264582,-64.531332587819065,-265.92086266074278,85.205425783943923,31.88721815437048,16.329504926735609,-6.0671571206687522,3.3659471221371486,-3.4645423370042669,1.3428434276823558,-0.76907787279710671,0.0050718197488887062,-0.079102160548360168,0.04722817532008531,0.012854062373107258,-0.10012267598556525,0.021467996446535912,-0.083378059909792412,-0.0041452189058193024,0.0026014635671840793,0.0031654775479908778,-0.001139932348019954,0.00024379711254192947,3.8517086506350129e-05,-0.00023414460044539172,-0.00015183955008641684,-0.00015270866155020303,-9.0959172586315283e-05,-3.5203865789483938e-05,1.9362569725059415e-05,-1.9094209779781369e-07,-3.8074306937584096e-06,-2.3250052494800772e-06,-2.6006020197519869e-06,-1.1988842116080221e-06
0,0,0,0,0,0,0,0,0,0,0,0,0,3070.4021991474824,-30.168534850749509,-177.805918235088,-3.4859926980492464,-16.548431719095305,19.446623578439684,-12.461009594905951,7.5729932301236857,-0.44489774381939817,-1.2662794660898742,0.95739779243133294,1.1466393197521731,-0.13645209929395274,-0.096761345051652875,-0.066628150595469254,0.092952510367627042,0.015510547504572087,-0.032017624013999504,-0.006957420386680728,0.0044598667815259462,-0.0024873782482792641,0.0020420249969830082,0.00077752781911861058,0.00037590649637458398,-0.00043507964120162543,0.00018603213077337716,-3.0265305929189858e-05,-7.6134012774854769e-05,-4.2935115165539101e-05,2.2144205038208904e-06,1.2935582016976611e-05,-6.4448790667434082e-07,5.211187771047798e-06,1.2322290983996828e-06,1.2065235048933465e-06
0,0,0,0,0,0,0,0,0,0,0,0,0,0,-1550.4867329450035,-3.604073063354635,-21.010017304731367,-7.5894805404336099,-6.7031796190553727,-4.3903581252554034,3.6165733796912347,0.14103255986281274,0.35991284210478813,-0.33960627661834608,-0.14639943231896038,0.62395144793388901,-0.013557338435282007,-0.15583647998413486,0.080881687170469285,-0.024785179497037832,0.012928240736808545,-0.00076856472455613114,0.0023644189298460227,0.0011642437570661831,0.0011225079368740879,-0.00021557683333886087,-0.00099441010996272625,-0.00053607065899060214,-7.7034953136363179e-05,6.0545389637892342e-06,-6.4183493694777535e-06,7.2826176594379037e-05,-7.9254490868976499e-06,-2.5150249465788445e-05,3.879334280389266e-06,-2.5211440955736212e-06,2.3007204726982662e-07,1.3533251951834962e-06
0,0,0,0,0,0,0,0,0,0,0,0,0,0,0,-526.99048295891635,-88.711737118976743,-54.651380397340198,26.47020465080676,-11.998117557122995,3.4373333372451134,1.9493058825935647,1.7578493998155729,-2.1861582402200033,0.50956162084691037,-0.16478685782697719,0.044676425537165609,0.046524025557546138,0.0039189656102223682,0.0069264748354167134,0.046688850915288557,0.0074144723989538605,-0.0098141232100600589,0.004855977319802693,0.00043376643110351604,-0.0023430824581638617,-0.00029206515265279285,-0.00012459677385599606,2.8246478778590924e-05,-7.9520601705675625e-05,1.1754106925308415e-05,2.8140472459313486e-06,-3.369991991978718e-05,-2.0709251673587446e-06,-4.7614563258726827e-06,3.6361199445150635e-06,2.8411900412562823e-08,-1.2737090710343609e-06
0,0,0,0,0,0,0,0,0,0,0,0,0,0,0,0,386.91784534399744,-18.441460009770442,4.3601549666335631,-5.0770923724661232,1.7866272231219946,1.1578758046709641,-0.23284876438565211,0.061248990937468051,-0.84628057800441714,-0.27589291610859001,-0.19195223978077436,-0.058926640436104086,-0.021169145143183795,-0.035308289438984689,0.059496217350179008,-0.037439392285729886,-0.0061002762976960327,-0.0034768026107501061,0.0019544697320374262,-0.00037581972589479458,-0.00063709470198425799,0.00039606908543778991,3.400793124736417e-05,-4.1192026947252794e-05,-6.167154991756465e-05,-1.2375406899722262e-05,1.6542088755410429e-05,-1.473739279699513e-05,6.2517062799569188e-06,-2.9522397018633089e-06,-1.7938499338888597e-06,-7.1133627821873044e-07
0,0,0,0,0,0,0,0,0,0,0,0,0,0,0,0,0,-127.39223489688013,16.700124916698158,-19.917949273422909,0.40914013573461494,3.4698337235889003,-3.3137074326534313,0.29306209818280404,-1.0962375459858347,0.53571063761695281,0.078898201182606278,-0.12161794449793352,-0.13164646126842072,-0.0027492376977338562,-0.019838151561634782,-0.0052328335039757172,0.0040858044603770995,0.00019601167211818368,0.0011671584625839752,0.0016638128696508919,0.0005191260514364615,-5.2510032616724423e-05,-5.5163842345249976e-05,-0.00011537166695475529,-3.1934290078998172e-05,-1.8933792760390184e-05,1.2797282718198576e-05,4.1493349582539322e-06,-1.8626694935341756e-06,-3.4180663583434631e-06,-1.5002409146394726e-06,2.3834311739320432e-07
0,0,0,0,0,0,0,0,0,0,0,0,0,0,0,0,0,0,108.78579240208094,-36.010606777732519,-2.3665797913692512,8.2206828419438338,1.1702977925443692,-0.42531256713466475,0.690398486033865,0.10091786867390409,-0.068525142793708568,-0.12523445694713536,-0.060651525557656127,0.00091150001219034269,0.057024898904557766,-0.0043803565097889144,0.0015410452435611923,-0.0018084782088356077,0.00076064155959169671,0.0010625272583955391,-0.00019768124326888044,-0.00023858706286578133,0.0001074976048964871,-0.00015285250215323472,8.6665115542009697e-06,3.218708144006311e-05,9.0179806145753133e-06,7.3622587026765973e-06,1.4425369137300144e-06,-3.3544020254648071e-07,-9.4148370180954567e-07,1.1531502482263259e-06
0,0,0,0,0,0,0,0,0,0,0,0,0,0,0,0,0,0,0,-49.439605398347773,-4.939483118377713,-3.3816994118120878,-2.3193641417511399,0.46548905296932047,-1.7936789551453207,0.062627773296553252,0.097693511363817362,0.062231015226043511,-0.097563321886853557,0.029131664732966925,0.030847005058293017,-0.0047877875014085232,0.0094490319523175183,0.0065055798809419869,-0.0010763267120515389,0.00066844425953326687,9.4687000022338004e-05,7.5730528694629019e-05,-0.00012768243836733752,-3.653912323729872e-05,-4.3867739681145732e-05,5.7122045205260569e-05,2.118165521172746e-05,3.5704511734480815e-06,-2.3318244667695581e-06,-9.7809576515874104e-06,2.2794138325683389e-07,-1.8831195391794332e-06
0,0,0,0,0,0,0,0,0,0,0,0,0,0,0,0,0,0,0,0,-30.094176999764493,-1.6752958744577966,-0.55145468746204951,0.047586216139868277,-1.6735953480550962,-0.31957195371179886,0.019084330944700325,-0.1492967140590592,0.039780710114960059,0.0050722615748401059,-0.013991709309304132,0.0064820636213185319,0.0032133606929660979,0.0094890529489437513,0.00018818766885823264,0.0015346884973956208,0.00042856947727549594,0.00033355901437171821,0.00056004752587819314,-7.5032746550736021e-05,-7.9374039550438976e-05,-3.4749207115442725e-05,6.1626760119177815e-05,-4.4156800139124893e-06,-1.2925287970144695e-06,-2.5821091243468577e-06,-2.3128391321828005e-06,1.4611391340095583e-06
0,0,0,0,0,0,0,0,0,0,0,0,0,0,0,0,0,0,0,0,0,-18.164037809706439,1.2201016769920738,0.80667439625033233,0.033201503377145739,0.0081820195940309412,-0.12206997525961469,-0.23740800961454761,-0.039405983248772473,-0.017641442071359419,-0.056294150485613391,-0.0060387236839796604,0.0017315366563837376,-0.0071632130906123604,-1.9381880305445214e-05,0.0015716030529962389,-0.00078744288429384948,4.7939313144408891e-05,-4.7136832086696756e-06,-4.6113111919700474e-06,-3.8533998309208847e-06,2.2573608050045812e-05,-2.8206953936124673e-05,5.3723831685401228e-06,-6.4543076499057191e-06,-3.1195544777193165e-08,3.8519033105136576e-06,-1.073057475969955e-06
0,0,0,0,0,0,0,0,0,0,0,0,0,0,0,0,0,0,0,0,0,0,-9.0332177751381,-0.49618786339108589,-0.42293230645367152,0.17375562689662188,-0.27868596174538174,0.059692970887984906,-0.0077191444959386485,-0.022537086000357212,0.02858102159204759,0.020391243716064544,0.0045967589132180683,-0.0003757726285554177,-0.0039814322745321939,-0.00064504674916398739,-0.00031733327252882551,-0.00058974684800828072,0.00013625124701386668,-0.00013298663632418879,8.7064258906799542e-05,7.809051589341732e-06,2.7631333603143374e-05,9.6448887644606166e-07,-1.6097694495274394e-06,-2.8184574710199326e-06,-1.8828161455036378e-06,-5.7567565905014356e-07
0,0,0,0,0,0,0,0,0,0,0,0,0,0,0,0,0,0,0,0,0,0,0,-4.1725524918193031,-0.39492138069219873,0.41257305783560316,-0.17363977303251205,0.040459960355090453,-0.09392666574797108,-0.016078270017085082,-0.043484031331665174,0.01125748387670036,-0.010677676084711856,0.0022409627507692731,-0.0024589954648174634,-0.00036878597335044598,0.00084825571887449662,0.00026821802759224996,0.00023331159823801505,-2.440195097434269e-07,-8.1325036332223212e-06,-1.5686720406529755e-05,8.7411606681904303e-06,-1.1733594081757772e-05,-3.5466891561296383e-07,3.0276906740268493e-06,5.5440719646132685e-07,-1.1052200427109189e-06
0,0,0,0,0,0,0,0,0,0,0,0,0,0,0,0,0,0,0,0,0,0,0,0,-1.558321397472092,0.16362196515246197,-0.35917071292674541,-0.14423052267483749,-0.068947910902354609,0.010082307691741076,0.0086744575997407189,0.0057245801835727785,-0.0013564339314850649,-0.0027329670503259719,-0.00041739090419223342,0.00063994762810583999,0.00042561450331347504,0.00032481420005639689,7.4784000841638859e-05,3.8314300058149191e-05,6.3910348449954888e-05,2.036501605479163e-05,-1.2963361191670376e-05,8.7046741290843216e-06,1.0899668999639257e-05,-7.8873804734846704e-07,-1.5020833024378302e-06,2.7907011325665089e-07
0,0,0,0,0,0,0,0,0,0,0,0,0,0,0,0,0,0,0,0,0,0,0,0,0,-1.0077533915254617,0.31141799596585584,0.036409993492405326,-0.26725761144493115,-0.00084923463202940779,-0.0012608288397457797,-0.00056984173278415136,-0.0013544121886142496,0.0022137433772904886,0.0023237627164403034,-0.001382356949585211,0.0002115060786780419,-0.00041598666715828269,-0.00030753638815626539,4.6635957326978503e-05,-6.0854211409502984e-06,9.097029234860429e-06,2.1715248815149068e-05,-1.6615945665602204e-05,-1.9883384833270627e-06,-3.8763894426351056e-06,-1.4735174123365588e-06,3.4788614594380817e-07
0,0,0,0,0,0,0,0,0,0,0,0,0,0,0,0,0,0,0,0,0,0,0,0,0,0,0.64422811310542993,0.18903578475008598,0.12850368839068482,0.022681589915047935,0.037687041241806669,-0.0045650371564183471,-0.015780092305360958,0.00078846774444771717,0.001959345871971442,-0.00067452998945715704,0.00092189174905989494,-0.00020563767166316866,-7.8941428520406563e-06,-7.2150084167622123e-05,-1.0294049678078335e-05,2.7714313366762111e-05,2.0534432690554487e-06,1.7146803282036308e-05,4.4417831550064455e-06,2.3649184903984682e-07,1.9334222408603739e-06,1.9928632333107585e-06
0,0,0,0,0,0,0,0,0,0,0,0,0,0,0,0,0,0,0,0,0,0,0,0,0,0,0,-0.20458961594164729,-0.007430506158338482,-0.0041842024784507197,-0.014038402974792604,0.0026496046507299116,0.0044507867368665278,0.0017863051739572084,0.00099335785699349011,-0.00077176400273874118,-0.00020495718171571848,0.0004606659641197199,0.00028585232180308165,3.2649118387713443e-05,2.5558523667607207e-05,3.2755889419673376e-05,3.1959141114230428e-06,-1.2839253057254892e-07,7.3561392680702541e-06,1.8453772613239282e-06,-5.5654113364518204e-07,1.078306337759265e-06
0,0,0,0,0,0,0,0,0,0,0,0,0,0,0,0,0,0,0,0,0,0,0,0,0,0,0,0,0.087124894348299259,-0.0075516339013128771,0.053000279564891659,0.006346148873696179,0.0081851704853636263,0.0051853685374317953,-0.0023213525568231809,-0.00096105783075369714,0.0010570963521441519,-0.00020732296488142952,-0.00015476517638110288,-7.728613685677365e-06,2.5045595700885526e-05,-2.1873356580964082e-05,1.5974755102713633e-05,-1.055202167204989e-06,-3.4436703153791973e-06,2.5696129095619967e-06,-2.5111297854868781e-07,7.7116429104944066e-07
0,0,0,0,0,0,0,0,0,0,0,0,0,0,0,0,0,0,0,0,0,0,0,0,0,0,0,0,0,-0.035012292661505295,-0.014879731341183136,-0.0020486402596106741,0.0024018066065071924,-0.000248913114842489,-0.0011544779640061632,-0.0029131489959515742,0.00072883118353570854,-0.00057754591443165372,-0.00018038662389349431,0.00014167361807438002,-5.1483999112808513e-05,-6.8119311361223401e-05,2.4785430364153772e-05,4.7751013083444052e-07,-2.0055732877984917e-06,-2.7702303581309923e-06,1.7323999602910615e-06,-7.0060351829744871e-07
0,0,0,0,0,0,0,0,0,0,0,0,0,0,0,0,0,0,0,0,0,0,0,0,0,0,0,0,0,0,0.038235000220463305,-0.026307986511032791,0.0025274875810530049,-0.0033551518885762471,0.00077345843458997878,0.002594095272183362,-0.0013388108394316572,-7.0442797883178555e-05,4.1023288320642009e-05,4.881963315931495e-05,6.2495573800459963e-05,-3.2458809194997968e-05,3.9441687268080551e-05,1.1776755653632147e-06,8.0800021930123162e-06,-5.40624798478185e-06,-1.0801474747391808e-06,-1.4196631338173295e-06
0,0,0,0,0,0,0,0,0,0,0,0,0,0,0,0,0,0,0,0,0,0,0,0,0,0,0,0,0,0,0,-0.013553753569629932,0.0044855519608415686,-0.005029789846886585,-0.00041031970672604024,0.00074497520057913429,-0.00055609794948106525,5.7310414346129847e-05,-6.5626584101446313e-05,-6.5393323859030728e-05,1.1697366936546457e-05,-6.0196944334296738e-05,-2.3679316033669176e-05,-4.0547665836491204e-06,-9.4127827127346773e-06,4.317393283863278e-06,-6.1228434418516332e-07,-1.1465712884847053e-06
